tweet-sno-5	Q0	vclaim-sno-ilhan-omar-treason-advice-iran	0
tweet-sno-6	Q0	vclaim-sno-was-obama-worst-president-new-poll	0
tweet-sno-7	Q0	vclaim-sno-bernie-sanders-iran-hostage-crisis	0
tweet-sno-11	Q0	vclaim-sno-white-house-trump_photo-delete	0
tweet-sno-17	Q0	vclaim-sno-make-whites-great-again-hat	0
tweet-sno-21	Q0	vclaim-sno-was-parler-hacked	0
tweet-sno-23	Q0	vclaim-sno-biden-keystone-pipeline-find-a-job	0
tweet-sno-25	Q0	vclaim-sno-thunberg-actress-estella-renee	0
tweet-sno-34	Q0	vclaim-sno-29-august-hurricanes	0
tweet-sno-37	Q0	vclaim-sno-democrats-socialist-party-poster	0
tweet-sno-38	Q0	vclaim-sno-north-carolina-sharia	0
tweet-sno-39	Q0	vclaim-sno-social-volunteers-hurricane-dorian	0
tweet-sno-40	Q0	vclaim-sno-social-volunteers-hurricane-dorian	0
tweet-sno-42	Q0	vclaim-sno-cocaine-bricks-wash-up-dorian	0
tweet-sno-43	Q0	vclaim-sno-chelsea-clinton-marijuana	0
tweet-sno-46	Q0	vclaim-sno-schiff-epstein-photo	0
tweet-sno-47	Q0	vclaim-sno-rnc-chairwoman-deleted-tweet	0
tweet-sno-51	Q0	vclaim-sno-walmart-attic-homeless-people	0
tweet-sno-52	Q0	vclaim-sno-kiss	0
tweet-sno-53	Q0	vclaim-sno-trump-supporters-leave-trash	0
tweet-sno-54	Q0	vclaim-sno-tomi-lahren-little-mermaid	0
tweet-sno-60	Q0	vclaim-sno-trump-to-strike-down-obamas-regulation-expanding-overtime	0
tweet-sno-61	Q0	vclaim-sno-michelle-obama-white-folks-quote	0
tweet-sno-62	Q0	vclaim-sno-world-series	0
tweet-sno-63	Q0	vclaim-sno-jet-flyover-selfie	0
tweet-sno-64	Q0	vclaim-sno-biden-houston-and-michigan	0
tweet-sno-66	Q0	vclaim-sno-gillibrand-social-security	0
tweet-sno-72	Q0	vclaim-sno-bernie-supporters-map	0
tweet-sno-73	Q0	vclaim-sno-obama-we-deserved-911	0
tweet-sno-74	Q0	vclaim-sno-trump-military-parade	0
tweet-sno-75	Q0	vclaim-sno-team-project	0
tweet-sno-76	Q0	vclaim-sno-donald-trump-wealthy-great-quote	0
tweet-sno-78	Q0	vclaim-sno-giuliani-wuhan-lab-tweet	0
tweet-sno-84	Q0	vclaim-sno-bury-go-round	0
tweet-sno-85	Q0	vclaim-sno-donald-trumps-golden-toilet	0
tweet-sno-87	Q0	vclaim-sno-frederica-wilson-veterans	0
tweet-sno-96	Q0	vclaim-sno-donald-trump-plans-to-declare-war-on-americans	0
tweet-sno-97	Q0	vclaim-sno-obama-officials-iran-policy	0
tweet-sno-98	Q0	vclaim-sno-watching-apollo-8-rocket-launch	0
tweet-sno-99	Q0	vclaim-sno-trump-osama-attack	0
tweet-sno-100	Q0	vclaim-sno-trump-lose-followers-first-time	0
tweet-sno-104	Q0	vclaim-sno-hurricane-katrina-looters	0
tweet-sno-105	Q0	vclaim-sno-ai-robots-kill-scientists	0
tweet-sno-106	Q0	vclaim-sno-giant-fossil-seahorse	0
tweet-sno-109	Q0	vclaim-sno-biden-indian-americans	0
tweet-sno-112	Q0	vclaim-sno-escape-from-buckingham-palace	0
tweet-sno-113	Q0	vclaim-sno-bono-trump-destroy-america	0
tweet-sno-116	Q0	vclaim-sno-childrens-concentration-camp	0
tweet-sno-117	Q0	vclaim-sno-trump-stock-market-prediction	0
tweet-sno-118	Q0	vclaim-sno-kim-jong-shot-coronavirus-patient	0
tweet-sno-119	Q0	vclaim-sno-did-germanys-black-forest-cause-15000-missing-person-cases-last-year	0
tweet-sno-120	Q0	vclaim-sno-nancy-pelosi-voting-age	0
tweet-sno-122	Q0	vclaim-sno-john-kasich-said-we-cant-entrust-abortion-decision-to-women	0
tweet-sno-123	Q0	vclaim-sno-one-in-four-women-abortion	0
tweet-sno-124	Q0	vclaim-sno-surprise-party	0
tweet-sno-125	Q0	vclaim-sno-boebert-taliban-building-back-better	0
tweet-sno-127	Q0	vclaim-sno-ilhan-omar-sworn-quran	0
tweet-sno-128	Q0	vclaim-sno-omar-nationwide-ban-bacon	0
tweet-sno-129	Q0	vclaim-sno-did-ilhan-omar-spit-on-the-tomb-of-the-unknown-soldier	0
tweet-sno-133	Q0	vclaim-sno-john-mccain-retires	0
tweet-sno-134	Q0	vclaim-sno-david-muir-married	0
tweet-sno-135	Q0	vclaim-sno-congress-use-slush-fund-pay-17-million-women-sexually-harassed	0
tweet-sno-136	Q0	vclaim-sno-syrian-rescue-organization-the-white-helmets-are-terrorists	0
tweet-sno-137	Q0	vclaim-sno-pat-robertson-notre-dame-gays	0
tweet-sno-138	Q0	vclaim-sno-prince-philip-die-99-day-year	0
tweet-sno-139	Q0	vclaim-sno-meryl-streep-fired	0
tweet-sno-143	Q0	vclaim-sno-12th-amendment-path-to-victory	0
tweet-sno-146	Q0	vclaim-sno-student-donate-college-fund-bernie	0
tweet-sno-150	Q0	vclaim-sno-congressional-swearing-quran	0
tweet-sno-152	Q0	vclaim-sno-maxine-waters-climate-change-tide-receding-photo	0
tweet-sno-153	Q0	vclaim-sno-virginia-mass-shooter-maga-hat	0
tweet-sno-154	Q0	vclaim-sno-theofficialproudboys-redirect	0
tweet-sno-155	Q0	vclaim-sno-baby-gorilla-harambe-mcharambeface	0
tweet-sno-156	Q0	vclaim-sno-atlantic-city-trump-casino-implode	0
tweet-sno-158	Q0	vclaim-sno-india-air-strike-pakistan-video	0
tweet-sno-159	Q0	vclaim-sno-nigeria-christians-muslims	0
tweet-sno-162	Q0	vclaim-sno-ilhan-omar-terrorists-photograph	0
tweet-sno-163	Q0	vclaim-sno-kamala-harris-jacob-blake-proud	0
tweet-sno-164	Q0	vclaim-sno-wild-abandon	0
tweet-sno-165	Q0	vclaim-sno-bring-your-bible-to-school-day	0
tweet-sno-166	Q0	vclaim-sno-george-soros-arrested-switzerland	0
tweet-sno-173	Q0	vclaim-sno-taco-bell-menu-change	0
tweet-sno-177	Q0	vclaim-sno-roger-stone-nixon-tattoo	0
tweet-sno-178	Q0	vclaim-sno-300000-wisconsin-voters-turned-away-due-to-voter-id-laws	0
tweet-sno-179	Q0	vclaim-sno-texas-vote-switching	0
tweet-sno-180	Q0	vclaim-sno-immigrants-measles	0
tweet-sno-182	Q0	vclaim-sno-young-black-leadership-summit-media	0
tweet-sno-183	Q0	vclaim-sno-chuck-schumer-excessive-contributions	0
tweet-sno-184	Q0	vclaim-sno-black-friday-origins	0
tweet-sno-185	Q0	vclaim-sno-sean-connery-net-worth	0
tweet-sno-186	Q0	vclaim-sno-schumer-500k-donation	0
tweet-sno-187	Q0	vclaim-sno-schumer-tweet-china-travel	0
tweet-sno-189	Q0	vclaim-sno-nancy-pelosi-voting-age	0
tweet-sno-190	Q0	vclaim-sno-mexican-supermarket-taking-donations-for-trump-border-wall	0
tweet-sno-191	Q0	vclaim-sno-nancy-pelosi-wall-violate-rights	0
tweet-sno-192	Q0	vclaim-sno-lebron-james-white-people-quote	0
tweet-sno-208	Q0	vclaim-sno-beef-tallow-in-new-5-notes	0
tweet-sno-213	Q0	vclaim-sno-rick-scott-health-care	0
tweet-sno-215	Q0	vclaim-sno-pelosi-wuhan-november	0
tweet-sno-216	Q0	vclaim-sno-steve-bannon-need-senate-confirmation-hearing-sit-nsc	0
tweet-sno-217	Q0	vclaim-sno-alexander-vindman-llod	0
tweet-sno-219	Q0	vclaim-sno-social-security-for-illegal-aliens	0
tweet-sno-220	Q0	vclaim-sno-johnson-johnson-formaldehyde	0
tweet-sno-222	Q0	vclaim-sno-al-baghdadi-released-obama	0
tweet-sno-225	Q0	vclaim-sno-national-park-trump-wines	0
tweet-sno-226	Q0	vclaim-sno-philadelphia-fans-boo-santa-claus	0
tweet-sno-232	Q0	vclaim-sno-bernie-sanders-art-heist	0
tweet-sno-233	Q0	vclaim-sno-kaitlan-collins-cnn-mansion	0
tweet-sno-235	Q0	vclaim-sno-march-2020-school-shooting	0
tweet-sno-236	Q0	vclaim-sno-obama-urges-soldiers-question-trumps-authority	0
tweet-sno-243	Q0	vclaim-sno-dave-ramsey-cashless-society	0
tweet-sno-246	Q0	vclaim-sno-ghost-voters-in-29-states	0
tweet-sno-247	Q0	vclaim-sno-star-witnesses-vs-biden-dead	0
tweet-sno-249	Q0	vclaim-sno-josh-hawley-book-amazon	0
tweet-sno-252	Q0	vclaim-sno-gwyneth-paltrow-goop-covid-advice	0
tweet-sno-256	Q0	vclaim-sno-immigrant-homicides-us	0
tweet-sno-257	Q0	vclaim-sno-obamacare-horror-story	0
tweet-sno-258	Q0	vclaim-sno-taylor-swift-abortion	0
tweet-sno-260	Q0	vclaim-sno-trump-search-result-racist-twitter	0
tweet-sno-262	Q0	vclaim-sno-wage-and-means	0
tweet-sno-265	Q0	vclaim-sno-obamacare-website-border-wall	0
tweet-sno-272	Q0	vclaim-sno-guyfi-nyc-public-booths	0
tweet-sno-274	Q0	vclaim-sno-trump-canadian-wall	0
tweet-sno-278	Q0	vclaim-sno-god-gets-an-a	0
tweet-sno-279	Q0	vclaim-sno-tommy-robinson-protest-photo	0
tweet-sno-280	Q0	vclaim-sno-italian-doctor-multiple-sclerosis	0
tweet-sno-281	Q0	vclaim-sno-nyet	0
tweet-sno-285	Q0	vclaim-sno-obama-confirms-he-will-refuse-to-leave-office	0
tweet-sno-287	Q0	vclaim-sno-iranians-arrested-mexico-border	0
tweet-sno-288	Q0	vclaim-sno-foreign-currency	0
tweet-sno-289	Q0	vclaim-sno-putin-gmo-evolution	0
tweet-sno-297	Q0	vclaim-sno-noah-biorkman	0
tweet-sno-298	Q0	vclaim-sno-kidney-transplant-social-share	0
tweet-sno-299	Q0	vclaim-sno-caravan-swastika-flag-fire	0
tweet-sno-300	Q0	vclaim-sno-2-million-bikers-to-dc	0
tweet-sno-301	Q0	vclaim-sno-have-undocumented-killed-63000-us-9-11	0
tweet-sno-308	Q0	vclaim-sno-usain-bolt-donates-earnings	0
tweet-sno-309	Q0	vclaim-sno-middle-school-kavanaugh-sign	0
tweet-sno-310	Q0	vclaim-sno-wisconsin-more-votes-than-voters	0
tweet-sno-313	Q0	vclaim-sno-daniel-cameron-mcconnell	0
tweet-sno-314	Q0	vclaim-sno-mitch-mcconnell-net-worth	0
tweet-sno-315	Q0	vclaim-sno-lebron-james-white-people-quote	0
tweet-sno-324	Q0	vclaim-sno-ted-cruz-marriott-points	0
tweet-sno-326	Q0	vclaim-sno-horse-horse	0
tweet-sno-327	Q0	vclaim-sno-kanye-banned	0
tweet-sno-328	Q0	vclaim-sno-kanye-banned	0
tweet-sno-331	Q0	vclaim-sno-liz-warren-zuckerberg-trump	0
tweet-sno-332	Q0	vclaim-sno-million-maga-nazi-banner	0
tweet-sno-334	Q0	vclaim-sno-spider-in-tampon	0
tweet-sno-335	Q0	vclaim-sno-largest-stock-drops-trump	0
tweet-sno-336	Q0	vclaim-sno-trump-jr-impeached-deplorable	0
tweet-sno-338	Q0	vclaim-sno-napo-police-boycott-nike	0
tweet-sno-340	Q0	vclaim-sno-fbi-report-kavanaugh-allegations-not-true	0
tweet-sno-341	Q0	vclaim-sno-cell-phone-functions	0
tweet-sno-343	Q0	vclaim-sno-lebron-james-white-people-quote	0
tweet-sno-346	Q0	vclaim-sno-blasey-online-photos	0
tweet-sno-347	Q0	vclaim-sno-blasey-online-photos	0
tweet-sno-348	Q0	vclaim-sno-another-man-ford-assault	0
tweet-sno-351	Q0	vclaim-sno-franklin-graham-equality-act	0
tweet-sno-354	Q0	vclaim-sno-cruz-skeptical-scalia-death	0
tweet-sno-355	Q0	vclaim-sno-are-politicians-actual-psychopaths	0
tweet-sno-356	Q0	vclaim-sno-jennifer-lawrence-911-trump	0
tweet-sno-357	Q0	vclaim-sno-keith-richards-dead-satire	0
tweet-sno-358	Q0	vclaim-sno-nike-workplace-ban	0
tweet-sno-359	Q0	vclaim-sno-national-guard-capitol-riot	0
tweet-sno-360	Q0	vclaim-sno-trump-dole-kiss-photo	0
tweet-sno-361	Q0	vclaim-sno-shelby-meijer-human-trafficking	0
tweet-sno-362	Q0	vclaim-sno-jimmy-carter-helping-poor	0
tweet-sno-363	Q0	vclaim-sno-jimmy-carter-functioning-democracy	0
tweet-sno-364	Q0	vclaim-sno-cap-and-trade-energy-bill	0
tweet-sno-366	Q0	vclaim-sno-half-human-half-lamb-born-south-africa	0
tweet-sno-368	Q0	vclaim-sno-hillary-clintons-premature-celebration	0
tweet-sno-369	Q0	vclaim-sno-chelsea-clinton-marijuana	0
tweet-sno-370	Q0	vclaim-sno-chelsea-clinton-arrest-13-year-old	0
tweet-sno-372	Q0	vclaim-sno-iowa-congressman-retweet-white-supremacist	0
tweet-sno-374	Q0	vclaim-sno-alex-trebek-net-worth	0
tweet-sno-375	Q0	vclaim-sno-meryl-streep-morgan-freeman-futures-parents	0
tweet-sno-378	Q0	vclaim-sno-ted-cruz-business-rights	0
tweet-sno-379	Q0	vclaim-sno-melania-trump-bedroom	0
tweet-sno-382	Q0	vclaim-sno-trump-obama-salary-donations	0
tweet-sno-383	Q0	vclaim-sno-lettuce-deaths-illegal-immigrants	0
tweet-sno-385	Q0	vclaim-sno-22-clinton-foundation-employees-arrested	0
tweet-sno-386	Q0	vclaim-sno-hawkeyes-childrens-hospital	0
tweet-sno-389	Q0	vclaim-sno-church-mock-trump-sign	0
tweet-sno-390	Q0	vclaim-sno-18-legally-adopt-17-year-old	0
tweet-sno-393	Q0	vclaim-sno-abby-johnson-household-voting	0
tweet-sno-394	Q0	vclaim-sno-who-is-barack-obama	0
tweet-sno-395	Q0	vclaim-sno-clinton-kerry-nominated-for-nobel-peace-prize	0
tweet-sno-397	Q0	vclaim-sno-remove-flag-muslims-offended	0
tweet-sno-398	Q0	vclaim-sno-sarah-huckabee-sanders-aunt-lydia	0
tweet-sno-399	Q0	vclaim-sno-ronald-reagan-jacket-oval-office	0
tweet-sno-400	Q0	vclaim-sno-melania-trump-heels-houston-hurricane-harvey	0
tweet-sno-403	Q0	vclaim-sno-baby-found-grenfell-tower	0
tweet-sno-404	Q0	vclaim-sno-trump-sprinklers-apartment-fire	0
tweet-sno-405	Q0	vclaim-sno-pizza-is-good-for-you	0
tweet-sno-406	Q0	vclaim-sno-mike-pence-blames-media-for-trump-controversies	0
tweet-sno-407	Q0	vclaim-sno-samuel-l-jackson-shooter-crazy-white-dude	0
tweet-sno-410	Q0	vclaim-sno-false-tube-stakes	0
tweet-sno-411	Q0	vclaim-sno-great-lakes-crossing-human-trafficking-rumor	0
tweet-sno-412	Q0	vclaim-sno-pm-justin-trudeau-burning-flag	0
tweet-sno-419	Q0	vclaim-sno-ryan-zinke-dead-elephant	0
tweet-sno-421	Q0	vclaim-sno-marines-letter-michelle-obama	0
tweet-sno-423	Q0	vclaim-sno-was-florida-school-shooter-democrat	0
tweet-sno-427	Q0	vclaim-sno-father-of-man-accused-training-school-shooters	0
tweet-sno-439	Q0	vclaim-sno-dm-deleted-syria-story	0
tweet-sno-447	Q0	vclaim-sno-hitler-start-wwiii	0
tweet-sno-448	Q0	vclaim-sno-trump-plans-second-term	0
tweet-sno-449	Q0	vclaim-sno-starbucks-roasting-facility-china	0
tweet-sno-450	Q0	vclaim-sno-free-cone-day	0
tweet-sno-454	Q0	vclaim-sno-columbus-sex-slaves	0
tweet-sno-458	Q0	vclaim-sno-planned-parenthood-abortion-quotas	0
tweet-sno-460	Q0	vclaim-sno-was-emma-gonzalez-attacking-truck	0
tweet-sno-461	Q0	vclaim-sno-liberals-hunt-conservatives-film	0
tweet-sno-462	Q0	vclaim-sno-vladimir-putin-to-sing-at-trumps-inauguration	0
tweet-sno-466	Q0	vclaim-sno-info-boors	0
tweet-sno-467	Q0	vclaim-sno-woman-record-14-kids	0
tweet-sno-468	Q0	vclaim-sno-big-nose-george-skin-shoes	0
tweet-sno-476	Q0	vclaim-sno-did-macys-pull-support-from-planned-parenthood	0
tweet-sno-479	Q0	vclaim-sno-muslim-student-protest-trump	0
tweet-sno-483	Q0	vclaim-sno-asteroid-hit-after-valentines-day	0
tweet-sno-484	Q0	vclaim-sno-nikolas-cruz-white-supremacist-group	0
tweet-sno-485	Q0	vclaim-sno-nikolas-cruz-white-supremacist-group	0
tweet-sno-486	Q0	vclaim-sno-was-florida-school-shooter-democrat	0
tweet-sno-488	Q0	vclaim-sno-trump-jr-women-rape	0
tweet-sno-489	Q0	vclaim-sno-nypd-officer-caught-raping-girl	0
tweet-sno-493	Q0	vclaim-sno-mike-pence-staffers-die	0
tweet-sno-494	Q0	vclaim-sno-north-carolina-sharia	0
tweet-sno-495	Q0	vclaim-sno-juice-jacking-real-security-issue	0
tweet-sno-497	Q0	vclaim-sno-betsy-devos-yacht-cayman	0
tweet-sno-500	Q0	vclaim-sno-pat-buchanan-said-things-were-better-in-the-50s-when-everyone-knew-their-place	0
tweet-sno-504	Q0	vclaim-sno-stray-cat-strut	0
tweet-sno-506	Q0	vclaim-sno-qanon-cooper-apology	0
tweet-sno-509	Q0	vclaim-sno-adam-sandler-trump	0
tweet-sno-514	Q0	vclaim-sno-rush-limbaugh-retire-cancer	0
tweet-sno-515	Q0	vclaim-sno-nigerian-spam	0
tweet-sno-517	Q0	vclaim-sno-email-google-plus-settlement	0
tweet-sno-519	Q0	vclaim-sno-whats-a-military-family-worth	0
tweet-sno-520	Q0	vclaim-sno-el-paso-bridge-immigrants	0
tweet-sno-521	Q0	vclaim-sno-beto-orourke-el-paso-pussycats	0
tweet-sno-524	Q0	vclaim-sno-lewis-carroll-magical-solution	0
tweet-sno-527	Q0	vclaim-sno-headless-chicken-deep-sea	0
tweet-sno-529	Q0	vclaim-sno-wi-to-eliminate-food-assistance	0
tweet-sno-530	Q0	vclaim-sno-ilhan-omars-father	0
tweet-sno-531	Q0	vclaim-sno-trump-threatens-to-skip-debates	0
tweet-sno-532	Q0	vclaim-sno-honor-guard	0
tweet-sno-537	Q0	vclaim-sno-black-mob-beats-white-man-for-voting-trump	0
tweet-sno-542	Q0	vclaim-sno-nike-alabama	0
tweet-sno-545	Q0	vclaim-sno-obamacare-decision	0
tweet-sno-549	Q0	vclaim-sno-adrian-peterson	0
tweet-sno-550	Q0	vclaim-sno-pepto-xylitol	0
tweet-sno-554	Q0	vclaim-sno-mookie-wilson-dinosaurs	0
tweet-sno-558	Q0	vclaim-sno-macauley-culkin-satanic-hollywood	0
tweet-sno-560	Q0	vclaim-sno-alabama-doug-jones-ballots	0
tweet-sno-561	Q0	vclaim-sno-ford-tariff-layoffs	0
tweet-sno-563	Q0	vclaim-sno-the-gold-and-ivory-tablecloth	0
tweet-sno-566	Q0	vclaim-sno-ben-carson-voter-fraud	0
tweet-sno-567	Q0	vclaim-sno-roger-stone-martial-law-trump	0
tweet-sno-572	Q0	vclaim-sno-veterans-border-wall	0
tweet-sno-573	Q0	vclaim-sno-donald-trump-nazi-salute	0
tweet-sno-574	Q0	vclaim-sno-aaron-rodgers-bernie-sanders	0
tweet-sno-576	Q0	vclaim-sno-star-wars-anti-trump-scene	0
tweet-sno-578	Q0	vclaim-sno-tom-brady-private-jet	0
tweet-sno-579	Q0	vclaim-sno-pink-moon	0
tweet-sno-580	Q0	vclaim-sno-pope-francis-bad-catholics	0
tweet-sno-582	Q0	vclaim-sno-what-does-koko-know-about-climate-change-nothing	0
tweet-sno-583	Q0	vclaim-sno-rnc-chairwoman-deleted-tweet	0
tweet-sno-585	Q0	vclaim-sno-lynched-oklahoma-media	0
tweet-sno-586	Q0	vclaim-sno-biden-abolish-second-amendment	0
tweet-sno-587	Q0	vclaim-sno-highway-traffic-california-wildfire	0
tweet-sno-592	Q0	vclaim-sno-leftist-activists-statue-theodore-roosevelt	0
tweet-sno-593	Q0	vclaim-sno-pink-lady	0
tweet-sno-594	Q0	vclaim-sno-elephant-painting	0
tweet-sno-600	Q0	vclaim-sno-politically-cowed	0
tweet-sno-607	Q0	vclaim-sno-jackie-robinson-anthem	0
tweet-sno-608	Q0	vclaim-sno-national-anthem-stance	0
tweet-sno-609	Q0	vclaim-sno-ben-jerrys-impeachmint-ice-cream	0
tweet-sno-610	Q0	vclaim-sno-yemen-child-bride	0
tweet-sno-611	Q0	vclaim-sno-chelsea-clinton-marijuana	0
tweet-sno-612	Q0	vclaim-sno-thomas-edisons-mom-lied-about-a-letter-expelling-her-son-from-school	0
tweet-sno-613	Q0	vclaim-sno-stephen-miller-white-power-hand-sign	0
tweet-sno-614	Q0	vclaim-sno-jack-nicklaus-endorse-trump	0
tweet-sno-615	Q0	vclaim-sno-pink-moon	0
tweet-sno-616	Q0	vclaim-sno-a-german39s-view-on-islam	0
tweet-sno-619	Q0	vclaim-sno-trump-quote-cops-roughing-up	0
tweet-sno-621	Q0	vclaim-sno-melania-trump-ban-flu-shot	0
tweet-sno-622	Q0	vclaim-sno-tax-bill-private-schools	0
tweet-sno-623	Q0	vclaim-sno-germany-allows-child-marriages	0
tweet-sno-624	Q0	vclaim-sno-clint-eastwood-net-worth	0
tweet-sno-625	Q0	vclaim-sno-blm-hate-group-beating	0
tweet-sno-626	Q0	vclaim-sno-clinton-body-chappaqua-waitress	0
tweet-sno-633	Q0	vclaim-sno-youngest-mother	0
tweet-sno-634	Q0	vclaim-sno-cat-2000-years-old	0
tweet-sno-636	Q0	vclaim-sno-fox-news-entertainment-switch	0
tweet-sno-637	Q0	vclaim-sno-cnn-and-msnbc-ratings	0
tweet-sno-638	Q0	vclaim-sno-korean-war-remains-news-coverage	0
tweet-sno-639	Q0	vclaim-sno-denis-voronenkov-paul-manafort	0
tweet-sno-640	Q0	vclaim-sno-fox-news-comey	0
tweet-sno-641	Q0	vclaim-sno-poppy-seeds-alter-drug-test-results	0
tweet-sno-643	Q0	vclaim-sno-donald-trump-brokers-deal-with-carrier-to-keep-jobs-in-america	0
tweet-sno-644	Q0	vclaim-sno-minutes-taken	0
tweet-sno-645	Q0	vclaim-sno-melania-trump-exterminate-shirt-holocaust	0
tweet-sno-648	Q0	vclaim-sno-house-fire-virginia	0
tweet-sno-649	Q0	vclaim-sno-weather-report-sweden-iraq	0
tweet-sno-650	Q0	vclaim-sno-4chan-user-prediction-las-vegas-shooting	0
tweet-sno-652	Q0	vclaim-sno-melania-hit-donald-trump-shocking-announcement	0
tweet-sno-653	Q0	vclaim-sno-change-channel-on-inauguration	0
tweet-sno-654	Q0	vclaim-sno-obama-golf-outing-with-tiger-woods	0
tweet-sno-655	Q0	vclaim-sno-cell-phone-credit	0
tweet-sno-656	Q0	vclaim-sno-allan-jones-nfl	0
tweet-sno-657	Q0	vclaim-sno-nfl-national-anthem-ban	0
tweet-sno-658	Q0	vclaim-sno-white-house-easter-cancel	0
tweet-sno-660	Q0	vclaim-sno-donald-trump-mike-pence-logo	0
tweet-sno-663	Q0	vclaim-sno-megadeth-bernie-sanders	0
tweet-sno-664	Q0	vclaim-sno-sargento-recall-fake-news	0
tweet-sno-665	Q0	vclaim-sno-hobby-lobby-ceo-slaves	0
tweet-sno-667	Q0	vclaim-sno-sweden-consent-sex	0
tweet-sno-668	Q0	vclaim-sno-satanic-temple-missouri-abortion	0
tweet-sno-670	Q0	vclaim-sno-root-beer-flavored-vape-juice	0
tweet-sno-677	Q0	vclaim-sno-did-congress-pass-bill-warrantless-searches	0
tweet-sno-680	Q0	vclaim-sno-roger-stone-nixon-tattoo	0
tweet-sno-683	Q0	vclaim-sno-national-park-service-denying-inauguration-protest-permits	0
tweet-sno-684	Q0	vclaim-sno-supreme-gesture	0
tweet-sno-690	Q0	vclaim-sno-starbucks-red-christmas-cups	0
tweet-sno-691	Q0	vclaim-sno-starbucks-defund-police	0
tweet-sno-692	Q0	vclaim-sno-tioga-hills-elementary-school-controversy	0
tweet-sno-693	Q0	vclaim-sno-bob-marley-corn-must-die	0
tweet-sno-694	Q0	vclaim-sno-fbi-seizes-3000-penises-raid-morgue-employees-home	0
tweet-sno-695	Q0	vclaim-sno-man-lock-daughter-cage-snapchat	0
tweet-sno-696	Q0	vclaim-sno-donald-trump-regretful-tweet	0
tweet-sno-697	Q0	vclaim-sno-catch-me-outside-girl-arrested	0
tweet-sno-698	Q0	vclaim-sno-chelsea-clintons-apartment-is-actually-a-hospital	0
tweet-sno-699	Q0	vclaim-sno-woman-forces-genitals-eat	0
tweet-sno-700	Q0	vclaim-sno-florida-man-genitals-alligator	0
tweet-sno-701	Q0	vclaim-sno-david-brooks-trump-needs-to-decide-if-he-prefers-to-resign-be-impeached-or-get-assassinated	0
tweet-sno-702	Q0	vclaim-sno-adolf-hitler-smashing-the-nucleus	0
tweet-sno-703	Q0	vclaim-sno-was-snopes-busted-ties-to-soros	0
tweet-sno-704	Q0	vclaim-sno-soros-michigan-el-sayed-brotherhood	0
tweet-sno-705	Q0	vclaim-sno-greta-thunberg-soros-isis-antifa	0
tweet-sno-706	Q0	vclaim-sno-did-george-soros-suffer-a-massive-heart-attack-on-christmas-eve	0
tweet-sno-707	Q0	vclaim-sno-george-soros-one-evil-human	0
tweet-sno-708	Q0	vclaim-sno-million-maga-nazi-banner	0
tweet-sno-709	Q0	vclaim-sno-did-george-soros-suffer-a-massive-heart-attack-on-christmas-eve	0
tweet-sno-710	Q0	vclaim-sno-did-george-soros-suffer-a-massive-heart-attack-on-christmas-eve	0
tweet-sno-711	Q0	vclaim-sno-trump-closed-airports-july4	0
tweet-sno-712	Q0	vclaim-sno-kristyna-martelli	0
tweet-sno-713	Q0	vclaim-sno-hillary-sand-wikileaks-dump	0
tweet-sno-717	Q0	vclaim-sno-paas-bunny-white-house-easter	0
tweet-sno-718	Q0	vclaim-sno-white-easter-egg-roll	0
tweet-sno-719	Q0	vclaim-sno-biden-arrested-south-africa	0
tweet-sno-720	Q0	vclaim-sno-rigged-tornado	0
tweet-sno-721	Q0	vclaim-sno-starbucks-giveaway-blm	0
tweet-sno-722	Q0	vclaim-sno-paas-bunny-white-house-easter	0
tweet-sno-724	Q0	vclaim-sno-adam-schiff-settle-claim	0
tweet-sno-725	Q0	vclaim-sno-london-knife-crime-muslims	0
tweet-sno-726	Q0	vclaim-sno-sadiq-khan-video	0
tweet-sno-727	Q0	vclaim-sno-trump-london-street	0
tweet-sno-730	Q0	vclaim-sno-deep-freeze	0
tweet-sno-731	Q0	vclaim-sno-earthquake-hoax	0
tweet-sno-732	Q0	vclaim-sno-global-warming-data-faked	0
tweet-sno-733	Q0	vclaim-sno-400-papers-published-in-2017-prove-that-global-warming-is-myth	0
tweet-sno-734	Q0	vclaim-sno-weather-or-not	0
tweet-sno-741	Q0	vclaim-sno-pope-francis-coronavirus	0
tweet-sno-742	Q0	vclaim-sno-viking-funeral-california	0
tweet-sno-743	Q0	vclaim-sno-giraffe-challenge	0
tweet-sno-748	Q0	vclaim-sno-newsweek-report-trump-impeachment	0
tweet-sno-749	Q0	vclaim-sno-bannon-fauci-wray-head-pikes	0
tweet-sno-750	Q0	vclaim-sno-was-grand-juror-clinton-probe-dead	0
tweet-sno-756	Q0	vclaim-sno-robot-child-support	0
tweet-sno-757	Q0	vclaim-sno-oklahoma-host-woman-humphrey	0
tweet-sno-758	Q0	vclaim-sno-is-antifa-planning-a-civil-war	0
tweet-sno-759	Q0	vclaim-sno-fidget-spinners-unsafe-lead	0
tweet-sno-762	Q0	vclaim-sno-churchs-chicken	0
tweet-sno-763	Q0	vclaim-sno-hoax-round-up	0
tweet-sno-764	Q0	vclaim-sno-ai-robots-kill-scientists	0
tweet-sno-765	Q0	vclaim-sno-money-tree	0
tweet-sno-769	Q0	vclaim-sno-quick-guide-2017-total-solar-eclipse	0
tweet-sno-770	Q0	vclaim-sno-gwyneth-paltrow-vagina-candle	0
tweet-sno-772	Q0	vclaim-sno-fat-boy	0
tweet-sno-777	Q0	vclaim-sno-national-park-trump-wines	0
tweet-sno-781	Q0	vclaim-sno-trump-criticize-obama-shutdown	0
tweet-sno-783	Q0	vclaim-sno-cole-withrow	0
tweet-sno-784	Q0	vclaim-sno-university-forced-students-to-wear-hijabs-for-event	0
tweet-sno-785	Q0	vclaim-sno-salad-days	0
tweet-sno-786	Q0	vclaim-sno-clinton-women-caved-voting	0
tweet-sno-787	Q0	vclaim-sno-trancing-with-the-stars	0
tweet-sno-788	Q0	vclaim-sno-free-cone-day	0
tweet-sno-789	Q0	vclaim-sno-armed-black-militia-georgia-park	0
tweet-sno-790	Q0	vclaim-sno-keith-richards-knife-donald-trump	0
tweet-sno-795	Q0	vclaim-sno-who-increased-the-debt	0
tweet-sno-799	Q0	vclaim-sno-bill-murray-run-president	0
tweet-sno-800	Q0	vclaim-sno-sweden-massive-terror-attack	0
tweet-sno-801	Q0	vclaim-sno-nicky-hayden-death-hoax	0
tweet-sno-802	Q0	vclaim-sno-kathy-griffin-shot-and-killed-trying-escape-custody	0
tweet-sno-804	Q0	vclaim-sno-sumatran-tsunami-2	0
tweet-sno-805	Q0	vclaim-sno-trump-wins-pennsylvania	0
tweet-sno-806	Q0	vclaim-sno-trump-navajo-twitter	0
tweet-sno-811	Q0	vclaim-sno-goldwater-girl	0
tweet-sno-814	Q0	vclaim-sno-lower-age-of-consent	0
tweet-sno-815	Q0	vclaim-sno-rachel-levine-family-photo	0
tweet-sno-817	Q0	vclaim-sno-cnn-washing-machine	0
tweet-sno-818	Q0	vclaim-sno-small-child-handcuffed-at-dulles	0
tweet-sno-819	Q0	vclaim-sno-millions-of-muslims-marched-against-the-islamic-state	0
tweet-sno-820	Q0	vclaim-sno-millions-of-muslims-marched-against-the-islamic-state	0
tweet-sno-821	Q0	vclaim-sno-donald-trump-queen-england	0
tweet-sno-822	Q0	vclaim-sno-15-homeless-dead-in-chicago	0
tweet-sno-824	Q0	vclaim-sno-rogue-amazon-drone-white-house	0
tweet-sno-828	Q0	vclaim-sno-crisis-text-line-741741	0
tweet-sno-829	Q0	vclaim-sno-bob-denver-dead-again	0
tweet-sno-830	Q0	vclaim-sno-biden-transgender-athletes-sports	0
tweet-sno-834	Q0	vclaim-sno-obama-melania-trumps-backside	0
tweet-sno-843	Q0	vclaim-sno-little-richard-10-years-old	0
tweet-sno-844	Q0	vclaim-sno-adam-sandler-death-hoax-2	0
tweet-sno-845	Q0	vclaim-sno-hollywood-strike-trump-resigns	0
tweet-sno-846	Q0	vclaim-sno-bill-cosbys-star-removed	0
tweet-sno-847	Q0	vclaim-sno-hollywood-sign-hollyboob	0
tweet-sno-855	Q0	vclaim-sno-trailer-trashed	0
tweet-sno-859	Q0	vclaim-sno-john-amos-dead	0
tweet-sno-860	Q0	vclaim-sno-communion-moon	0
tweet-sno-861	Q0	vclaim-sno-8-mile-sequel-2016	0
tweet-sno-863	Q0	vclaim-sno-the-pizzagate-survivor	0
tweet-sno-865	Q0	vclaim-sno-aoc-social-security-cut	0
tweet-sno-868	Q0	vclaim-sno-clorox-wipes-toilet-paper	0
tweet-sno-869	Q0	vclaim-sno-black-protesters-targeted-whites-in-milwaukee	0
tweet-sno-870	Q0	vclaim-sno-watching-apollo-8-rocket-launch	0
tweet-sno-871	Q0	vclaim-sno-target-american-flag-removal	0
tweet-sno-874	Q0	vclaim-sno-soldier-engineless-jeep	0
tweet-sno-881	Q0	vclaim-sno-tim-kaine-white-people-minority	0
tweet-sno-886	Q0	vclaim-sno-melania-trump-and-the-dakota-access-pipeline-protests	0
tweet-sno-887	Q0	vclaim-sno-ivanka-trump-rampage	0
tweet-sno-890	Q0	vclaim-sno-pentagon-military-sendoff-trump	0
tweet-sno-896	Q0	vclaim-sno-kamala-harris-police-statements	0
tweet-sno-897	Q0	vclaim-sno-american-psychiatric-association-pedophilia	0
tweet-sno-900	Q0	vclaim-sno-birth-certificates-financial-accounts	0
tweet-sno-905	Q0	vclaim-sno-harvard-professor-wants-electoral-college-to-reject-trump	0
tweet-sno-908	Q0	vclaim-sno-patriot-party-trump	0
tweet-sno-913	Q0	vclaim-sno-hillary-clinton-files-for-divorce-in-new-york-courts	0
tweet-sno-915	Q0	vclaim-sno-hillary-clintons-premature-celebration	0
tweet-sno-916	Q0	vclaim-sno-hillary-clinton-seizure-video	0
tweet-sno-917	Q0	vclaim-sno-huma-abedin-ties-to-terrorists	0
tweet-sno-918	Q0	vclaim-sno-hillary-clinton-stole-white-house-furniture	0
tweet-sno-921	Q0	vclaim-sno-hillary-clinton-sharia-law	0
tweet-sno-922	Q0	vclaim-sno-clinton-draft-pardon	0
tweet-sno-925	Q0	vclaim-sno-peta-taking-pets	0
tweet-sno-926	Q0	vclaim-sno-the-little-girl	0
tweet-sno-927	Q0	vclaim-sno-race-kors	0
tweet-sno-931	Q0	vclaim-sno-salvation-army	0
tweet-sno-932	Q0	vclaim-sno-prayer-request-jordon-mills	0
tweet-sno-933	Q0	vclaim-sno-brad-pitt-elite-hollywood	0
tweet-sno-934	Q0	vclaim-sno-angelina-jolie-send-children-back	0
tweet-sno-935	Q0	vclaim-sno-palatial-prison	0
tweet-sno-936	Q0	vclaim-sno-mail-in-voting-ballots	0
tweet-sno-937	Q0	vclaim-sno-absentee-ballots-undeliverable	0
tweet-sno-938	Q0	vclaim-sno-obama-demands-rib	0
tweet-sno-939	Q0	vclaim-sno-wi-to-eliminate-food-assistance	0
tweet-sno-940	Q0	vclaim-sno-aclu-trump-used-the-word-america	0
tweet-sno-941	Q0	vclaim-sno-democrats-nuclear-weapons	0
tweet-sno-942	Q0	vclaim-sno-hillary-clinton-trashed-michelle-obama-in-a-leaked-e-mail	0
tweet-sno-943	Q0	vclaim-sno-trump-impeachment-air-force-one	0
tweet-sno-944	Q0	vclaim-sno-hillary-clinton-anti-trump-website	0
tweet-sno-950	Q0	vclaim-sno-creepy-clowns-halloween-night-purge	0
tweet-sno-951	Q0	vclaim-sno-authorities-authorize-public-to-shoot-and-kill-clowns	0
tweet-sno-956	Q0	vclaim-sno-hillary-sand-wikileaks-dump	0
tweet-sno-957	Q0	vclaim-sno-wikileaks-cofirms-hillary-clinton-sold-weapons-to-isis	0
tweet-sno-961	Q0	vclaim-sno-sahara-desert-snowfall	0
tweet-sno-962	Q0	vclaim-sno-cereal-killers	0
tweet-sno-963	Q0	vclaim-sno-vietnam-wall-graffiti	0
tweet-sno-964	Q0	vclaim-sno-won-both-ohio-florida-lost	0
tweet-sno-965	Q0	vclaim-sno-mr-peebles-smallest-cat	0
tweet-sno-966	Q0	vclaim-sno-obama-drone-strikes	0
tweet-sno-967	Q0	vclaim-sno-assange-dead-london-alley	0
tweet-sno-968	Q0	vclaim-sno-pat-robertson-melania-cure	0
tweet-sno-970	Q0	vclaim-sno-texas-residents-forced-to-pay-slavery-reparations	0
tweet-sno-971	Q0	vclaim-sno-elijah-cummings-said-democrats-gave-black-people-the-right-to-vote	0
tweet-sno-977	Q0	vclaim-sno-nsa-toilet-cameras-sign	0
tweet-sno-980	Q0	vclaim-sno-hillary-clinton-threw-a-tantrum-with-matt-lauer	0
tweet-sno-983	Q0	vclaim-sno-trump-billie-holiday-christmas	0
tweet-sno-984	Q0	vclaim-sno-steel-barrel-graves-bill-hillary-clinton-estate-crime-scene	0
tweet-sno-985	Q0	vclaim-sno-cheez-it-tbhq	0
tweet-sno-987	Q0	vclaim-sno-hillary-clinton-arrested-fbi-hoax	0
tweet-sno-988	Q0	vclaim-sno-white-house-cancels-all-obama-appearances	0
tweet-sno-990	Q0	vclaim-sno-store-honors-islamic-martyr	0
tweet-sno-992	Q0	vclaim-sno-did-trump-call-mccain-a-loser	0
tweet-sno-993	Q0	vclaim-sno-unacceptable-response	0
tweet-sno-994	Q0	vclaim-sno-nfl-man-of-god-headband	0
tweet-sno-995	Q0	vclaim-sno-obama-no-911-tributes	0
tweet-sno-997	Q0	vclaim-sno-billing-error	0
tweet-sno-998	Q0	vclaim-sno-man-deprived-of-senses	0
tweet-sno-999	Q0	vclaim-sno-mother-and-child-reunion	0
tweet-sno-1000	Q0	vclaim-sno-obamacare-horror-story	0
tweet-sno-1004	Q0	vclaim-sno-truck-bank-drive-through	0
tweet-sno-1007	Q0	vclaim-sno-nate-predicted-sanders-nomination	0
tweet-sno-1008	Q0	vclaim-sno-did-sanders-supporters-throw-chairs-at-nevada-democratic-convention	0
tweet-sno-1009	Q0	vclaim-sno-sanders-private-jet-menu	0
tweet-sno-1010	Q0	vclaim-sno-sanders-bank-speeches	0
tweet-sno-1011	Q0	vclaim-sno-duane-devane-medal-of-honor	0
tweet-sno-1014	Q0	vclaim-sno-story-land-closing	0
tweet-sno-1016	Q0	vclaim-sno-stephanie-grisham-dui	0
tweet-sno-1017	Q0	vclaim-sno-tcob-piano-pizza	0
tweet-sno-1019	Q0	vclaim-sno-creepy-clown-haunted-house-massacre	0
tweet-sno-1020	Q0	vclaim-sno-adam-sandler-death-hoax-2	0
tweet-sno-1021	Q0	vclaim-sno-iceland-religions-mental-disorders	0
tweet-sno-1025	Q0	vclaim-sno-flu-shot-cause-years-flu-epidemic	0
tweet-sno-1026	Q0	vclaim-sno-beef-tallow-in-new-5-notes	0
tweet-sno-1027	Q0	vclaim-sno-john-amos-dead	0
tweet-sno-1028	Q0	vclaim-sno-brett-kavanaugh-gofundme-page	0
tweet-sno-1029	Q0	vclaim-sno-eric-clapton-racist-rant	0
tweet-sno-1032	Q0	vclaim-sno-dm-deleted-syria-story	0
tweet-sno-1034	Q0	vclaim-sno-donald-trump-wealthy-great-quote	0
tweet-sno-1035	Q0	vclaim-sno-did-trump-call-mccain-a-loser	0
tweet-sno-1036	Q0	vclaim-sno-baby-gorilla-harambe-mcharambeface	0
tweet-sno-1037	Q0	vclaim-sno-bernie-sanders-napping-memorial-day	0
tweet-sno-1038	Q0	vclaim-sno-memorial-day	0
tweet-sno-1043	Q0	vclaim-sno-out-of-the-woods-2	0
tweet-sno-1045	Q0	vclaim-sno-spirit-airlines-hamster	0
tweet-sno-1046	Q0	vclaim-sno-letter-to-free-wives	0
tweet-sno-1047	Q0	vclaim-sno-united-airlines-emotional-support-peacock	0
tweet-sno-1048	Q0	vclaim-sno-colorado-infant-become-first-pot-overdose-death	0
tweet-sno-1049	Q0	vclaim-sno-trump-flag-symbol-love	0
tweet-sno-1050	Q0	vclaim-sno-leftist-activists-statue-theodore-roosevelt	0
tweet-sno-1053	Q0	vclaim-sno-fappy-arrested-seaworld	0
tweet-sno-1057	Q0	vclaim-sno-schools-banning-valentines-offends-muslims	0
tweet-sno-1058	Q0	vclaim-sno-all-of-this-for-a-damned-flag	0
tweet-sno-1065	Q0	vclaim-sno-did-mark-twain-say-its-easier-to-fool-people-than-to-convince-them-that-they-have-been-fooled	0
tweet-sno-1066	Q0	vclaim-sno-ari-fleischer-covid	0
tweet-sno-1069	Q0	vclaim-sno-michigan-isis	0
tweet-sno-1072	Q0	vclaim-sno-democrats-file-treason-charges-against-trump	0
tweet-sno-1080	Q0	vclaim-sno-wendys-kiosks-minimum-wage	0
tweet-sno-1081	Q0	vclaim-sno-philando-castile-was-not-wanted-for-armed-robbery	0
tweet-sno-1082	Q0	vclaim-sno-nypd-arm-bands	0
tweet-sno-1083	Q0	vclaim-sno-trump-donated-kamala-harris	0
tweet-sno-1085	Q0	vclaim-sno-flagging-interest-2	0
tweet-sno-1086	Q0	vclaim-sno-iowa-congressman-retweet-white-supremacist	0
tweet-sno-1088	Q0	vclaim-sno-youtube-ban-suspend-trump	0
tweet-sno-1089	Q0	vclaim-sno-bernie-sanders-napping-memorial-day	0
tweet-sno-1090	Q0	vclaim-sno-bernie-sanders-unpaid-interns	0
tweet-sno-1091	Q0	vclaim-sno-televangelist-threatens-civil-war	0
tweet-sno-1094	Q0	vclaim-sno-fourth-down	0
tweet-sno-1095	Q0	vclaim-sno-carrier-jobs-to-mexico-despite-trump-deal	0
tweet-sno-1096	Q0	vclaim-sno-bill-gates-vacation-ex-girlfriend	0
tweet-sno-1099	Q0	vclaim-sno-colin-kaepernick-converts-to-islam	0
tweet-sno-1101	Q0	vclaim-sno-john-podesta-spirit-cooking	0
tweet-sno-1104	Q0	vclaim-sno-obama-nancy-reagans-funeral	0
tweet-sno-1107	Q0	vclaim-sno-arizona-tea-exposed-fda-using-human-urine-products	0
tweet-sno-1108	Q0	vclaim-sno-18-legally-adopt-17-year-old	0
tweet-sno-1109	Q0	vclaim-sno-trump-antifa-terrorist	0
tweet-sno-1110	Q0	vclaim-sno-oreos-fake-tweet	0
tweet-sno-1111	Q0	vclaim-sno-wikileaks-exposes-clinton-assassination-of-antonin-scalia	0
tweet-sno-1114	Q0	vclaim-sno-cell-phone-credit	0
tweet-sno-1115	Q0	vclaim-sno-white-house-quarantine-text	0
tweet-sno-1118	Q0	vclaim-sno-marijuana-flytrap-crossbreed	0
tweet-sno-1121	Q0	vclaim-sno-mike-pence-conservatives-womens-march	0
tweet-sno-1122	Q0	vclaim-sno-was-donald-trump-accused-of-sexual-assault-prior-to-the-2016-election	0
tweet-sno-1123	Q0	vclaim-sno-park-covered-spider-webs	0
tweet-sno-1125	Q0	vclaim-sno-sean-hannity-fired-muslims	0
tweet-sno-1126	Q0	vclaim-sno-hillary-clinton-arrested-fbi-hoax	0
tweet-sno-1127	Q0	vclaim-sno-image-depict-texas-church-shooter-bernie-sanders-rally	0
tweet-sno-1128	Q0	vclaim-sno-hillary-clinton-arrested-fbi-hoax	0
tweet-sno-1131	Q0	vclaim-sno-biden-kiss-15-year-old	0
tweet-sno-1135	Q0	vclaim-sno-north-carolina-20-bills-fake	0
tweet-sno-1139	Q0	vclaim-sno-trump-supporter-kick-pregnant-woman	0
tweet-sno-1142	Q0	vclaim-sno-milagros-cerron-facebook-appeal	0
tweet-sno-1143	Q0	vclaim-sno-transgender-filming-women-restroom	0
tweet-sno-1144	Q0	vclaim-sno-vote-for-trump-or-else	0
tweet-sno-1145	Q0	vclaim-sno-trump-team-accidentally-reveals-extreme-immigration-plan	0
tweet-sno-1149	Q0	vclaim-sno-bernie-sanders-chicago-ballot	0
tweet-sno-1150	Q0	vclaim-sno-kamala-harris-call-biden-racist	0
tweet-sno-1156	Q0	vclaim-sno-american-teenager-in-prison	0
tweet-sno-1160	Q0	vclaim-sno-hillary-clinton-defibrillator	0
tweet-sno-1161	Q0	vclaim-sno-harvard-study-ramen-damage-body	0
tweet-sno-1165	Q0	vclaim-sno-hiv-in-canned-food-warning	0
tweet-sno-1166	Q0	vclaim-sno-caravan-swastika-flag-fire	0
tweet-sno-1168	Q0	vclaim-sno-mcskinny	0
tweet-sno-1169	Q0	vclaim-sno-san-francisco-voter-registration	0
tweet-sno-1171	Q0	vclaim-sno-longest-lunar-eclipse	0
tweet-sno-1172	Q0	vclaim-sno-longest-lunar-eclipse	0
tweet-sno-1173	Q0	vclaim-sno-empty-promises	0
tweet-sno-1181	Q0	vclaim-sno-hillary-clinton-used-green-screen-to-make-a-fake-crowd-in-nevada	0
tweet-sno-1182	Q0	vclaim-sno-newsweek-proves-that-wikileaks-is-leaking-phony-hillary-clinton-emails	0
tweet-sno-1183	Q0	vclaim-sno-muslim-figure-pork-free	0
tweet-sno-1184	Q0	vclaim-sno-unemployment-low-trump	0
tweet-sno-1186	Q0	vclaim-sno-storm-clouds	0
tweet-sno-1188	Q0	vclaim-sno-did-mark-zuckerberg-buy-a-150-million-yacht	0
tweet-sno-1192	Q0	vclaim-sno-new-federal-gun-law-prevents-open-carry-in-all-50-states	0
tweet-sno-1193	Q0	vclaim-sno-krispy-kreme-pirate-day	0
tweet-sno-1197	Q0	vclaim-sno-the-5-solution	0
tweet-sno-1205	Q0	vclaim-sno-trump-diet-coke-button-oval	0
tweet-sno-1206	Q0	vclaim-sno-trump-kushner-qatar	0
tweet-sno-1209	Q0	vclaim-sno-schumer-pelosi-150-billion	0
tweet-sno-1210	Q0	vclaim-sno-maryland-billboard-guns-trump-impeachment	0
tweet-sno-1211	Q0	vclaim-sno-john-mccain-last-words-trump	0
tweet-sno-1212	Q0	vclaim-sno-schumer-tweet-china-travel	0
tweet-sno-1213	Q0	vclaim-sno-trump-letter-schumer	0
tweet-sno-1214	Q0	vclaim-sno-trump-letter-schumer	0
tweet-sno-1218	Q0	vclaim-sno-drake-scented-candles	0
tweet-sno-1223	Q0	vclaim-sno-cannibal-restaurant	0
tweet-sno-1226	Q0	vclaim-sno-jerry-richards-serial-killer	0
tweet-sno-1230	Q0	vclaim-sno-clinton-mcgill-found-dead	0
tweet-sno-1232	Q0	vclaim-sno-capitol-police-selfie	0
tweet-sno-1233	Q0	vclaim-sno-tomi-lahren-little-mermaid	0
tweet-sno-1234	Q0	vclaim-sno-ballots-georgia-senate	0
tweet-sno-1235	Q0	vclaim-sno-did-nevada-gop-electors-vote-for-trump	0
tweet-sno-1236	Q0	vclaim-sno-deutsche-bank-tweet	0
tweet-sno-1237	Q0	vclaim-sno-clinton-trump-putin-capitol	0
tweet-sno-1238	Q0	vclaim-sno-sean-spicer-onion-retweet	0
tweet-sno-1241	Q0	vclaim-sno-portland-sheriff-endorse-trump	0
tweet-sno-1242	Q0	vclaim-sno-pence-trump-coronavirus-test	0
tweet-sno-1243	Q0	vclaim-sno-reconnaissance-tours	0
tweet-sno-1244	Q0	vclaim-sno-kevin-seefried-democrat-biden	0
tweet-sno-1245	Q0	vclaim-sno-rosanne-boyland-trampled-flag	0
tweet-sno-1248	Q0	vclaim-sno-freeway-chickens	0
tweet-sno-1249	Q0	vclaim-sno-everyones-leaving-los-angeles	0
tweet-sno-1250	Q0	vclaim-sno-trump-ever-voted-by-mail	0
tweet-sno-1251	Q0	vclaim-sno-ga-senator-counting-pa	0
tweet-sno-1254	Q0	vclaim-sno-bbb-senior-photos-message	0
tweet-sno-1255	Q0	vclaim-sno-let-me-call-you-sweetheart	0
tweet-sno-1256	Q0	vclaim-sno-kfc-really-create-chicken-scented-candle	0
tweet-sno-1258	Q0	vclaim-sno-joel-osteen-sheeps-clothing	0
tweet-sno-1264	Q0	vclaim-sno-jesse-watters-faucis-assassination	0
tweet-sno-1265	Q0	vclaim-sno-moira-rose-home-alone	0
tweet-sno-1266	Q0	vclaim-sno-rumor-alert-biden-michigan-votes	0
tweet-sno-1267	Q0	vclaim-sno-hess-oil	0
tweet-sno-1269	Q0	vclaim-sno-lincoln-wrestling-hall-of-fame	0
tweet-sno-1270	Q0	vclaim-sno-moonrise-byron-bay-video	0
tweet-sno-1272	Q0	vclaim-sno-trumps-sister-donnies-acting-like-nutjob	0
tweet-sno-1273	Q0	vclaim-sno-harlan-ellison	0
tweet-sno-1276	Q0	vclaim-sno-aoc-businesses-closed-tweet	0
tweet-sno-1281	Q0	vclaim-sno-indiana-abortion-reporting	0
tweet-sno-1282	Q0	vclaim-sno-full-blue-moon-halloween-2020	0
tweet-sno-1283	Q0	vclaim-sno-giuliani-misattributes-quote	0
tweet-sno-1284	Q0	vclaim-sno-a-ford-dealers-report	0
tweet-sno-1286	Q0	vclaim-sno-twitter-insult-nsc	0
tweet-sno-1287	Q0	vclaim-sno-ice-cream-registration-notice	0
tweet-sno-1288	Q0	vclaim-sno-chick-fil-a-mothers-day	0
tweet-sno-1289	Q0	vclaim-sno-free-cone-day	0
tweet-sno-1290	Q0	vclaim-sno-free-cone-day	0
tweet-sno-1293	Q0	vclaim-sno-chick-fil-a-food-stranded-storm	0
tweet-sno-1295	Q0	vclaim-sno-antarctica-covid-cases	0
tweet-sno-1296	Q0	vclaim-sno-nasa-blackout-warning	0
tweet-sno-1297	Q0	vclaim-sno-deadliest-days-usa-history	0
tweet-sno-1299	Q0	vclaim-sno-cougar-town-sedan	0
tweet-sno-1301	Q0	vclaim-sno-donkey-kong-mistranslation	0
tweet-sno-1303	Q0	vclaim-sno-leonardo-dicaprio-trump	0
tweet-sno-1304	Q0	vclaim-sno-pink-moon	0
tweet-sno-1305	Q0	vclaim-sno-10-month-old-baby-drawing	0
tweet-sno-1310	Q0	vclaim-sno-saudi-arabia-beheads-robot	0
tweet-sno-1311	Q0	vclaim-sno-fake-id-seized-chicago-fraud	0
tweet-sno-1313	Q0	vclaim-sno-trump-biden-vote-dumps	0
tweet-sno-1314	Q0	vclaim-sno-trump-server-tied-to-russian-bank	0
tweet-sno-1315	Q0	vclaim-sno-zomato-hack	0
tweet-sno-1318	Q0	vclaim-sno-trump-barrett-looks-nominated	0
tweet-sno-1319	Q0	vclaim-sno-georgia-dekalb-reject-mail-ballots	0
tweet-sno-1321	Q0	vclaim-sno-pence-trump-coronavirus-test	0
tweet-sno-1322	Q0	vclaim-sno-pence-white-house-syria-photo	0
tweet-sno-1323	Q0	vclaim-sno-ivanka-trump-alaska-win	0
tweet-sno-1325	Q0	vclaim-sno-petition-drive	0
tweet-sno-1326	Q0	vclaim-sno-was-parler-hacked	0
tweet-sno-1330	Q0	vclaim-sno-ice-bucket-challenge-deaths	0
tweet-sno-1331	Q0	vclaim-sno-twitter-star-of-david	0
tweet-sno-1332	Q0	vclaim-sno-coal-mining-federal-lands-leases	0
tweet-sno-1337	Q0	vclaim-sno-bikers-for-trump-tattoos	0
tweet-sno-1339	Q0	vclaim-sno-bluegill-dangerous-fish	0
tweet-sno-1341	Q0	vclaim-sno-wisconsin-more-votes-than-voters	0
tweet-sno-1342	Q0	vclaim-sno-trump-patent-maga-2012	0
tweet-sno-1343	Q0	vclaim-sno-mail-in-ballots-ditch-wisconsin	0
tweet-sno-1344	Q0	vclaim-sno-amazon-shipping-mail-in-ballots	0
tweet-sno-1345	Q0	vclaim-sno-amazon-shipping-mail-in-ballots	0
tweet-sno-1348	Q0	vclaim-sno-joe-biden-slaves-great-grandfather	0
tweet-sno-1349	Q0	vclaim-sno-usatoday-hybrid-babies-ad-wrap	0
tweet-sno-1351	Q0	vclaim-sno-voter-fraud-more-votes-voters-2020	0
tweet-sno-1352	Q0	vclaim-sno-jill-biden-babysitter-joe-biden	0
tweet-sno-1353	Q0	vclaim-sno-fbi-agents-hunter-biden	0
tweet-sno-1354	Q0	vclaim-sno-biden-admit-voter-fraud	0
tweet-sno-1355	Q0	vclaim-sno-hindu-red-dot	0
tweet-sno-1356	Q0	vclaim-sno-jill-biden-babysitter-joe-biden	0
tweet-sno-1357	Q0	vclaim-sno-caravan-bus-train-travel	0
tweet-sno-1358	Q0	vclaim-sno-real-id-act	0
tweet-sno-1359	Q0	vclaim-sno-666th-halloween	0
tweet-sno-1360	Q0	vclaim-sno-child-support-abolished	0
tweet-sno-1361	Q0	vclaim-sno-huckabee-letter-biden-fraud	0
tweet-sno-1363	Q0	vclaim-sno-taco-bell-major-changes	0
tweet-sno-1364	Q0	vclaim-sno-taco-bell-two-dollar	0
tweet-sno-1365	Q0	vclaim-sno-is-taco-bell-financial-backer-moore	0
tweet-sno-1366	Q0	vclaim-sno-taco-bell-menu-change	0
tweet-sno-1367	Q0	vclaim-sno-is-taco-bell-financial-backer-moore	0
tweet-sno-1368	Q0	vclaim-sno-cheesecake-factory-gift-card	0
tweet-sno-1369	Q0	vclaim-sno-real-id-act	0
tweet-sno-1370	Q0	vclaim-sno-ruby-tuesday-closing	0
tweet-sno-1371	Q0	vclaim-sno-cheesecake-factory-gift-card	0
tweet-sno-1372	Q0	vclaim-sno-cnn-ratings-plunge	0
tweet-sno-1373	Q0	vclaim-sno-vote-after-polls-closed-2020	0
tweet-sno-1374	Q0	vclaim-sno-vote-after-polls-closed-2020	0
tweet-sno-1375	Q0	vclaim-sno-harley-davidson-steel-tariffs	0
tweet-sno-1376	Q0	vclaim-sno-deray-mckesson-tweet-chicago	0
tweet-sno-1377	Q0	vclaim-sno-harris-18-24-voters-stupid	0
tweet-sno-1383	Q0	vclaim-sno-mitch-mcconnell-supreme-court	0
tweet-sno-1385	Q0	vclaim-sno-bernie-sanders-rocky-horror	0
tweet-sno-1388	Q0	vclaim-sno-trump-mask-below-his-nose	0
tweet-sno-1389	Q0	vclaim-sno-anti-trump-protesters-killed-on-freeway	0
tweet-sno-1390	Q0	vclaim-sno-jay-baker-chyna-shirts	0
tweet-sno-1394	Q0	vclaim-sno-republican-dean-browning-gay	0
tweet-sno-1395	Q0	vclaim-sno-lynched-oklahoma-media	0
tweet-sno-1398	Q0	vclaim-sno-barrett-jail-guard-ruling	0
tweet-sno-1399	Q0	vclaim-sno-virginia-gun-rally-staged	0
tweet-sno-1400	Q0	vclaim-sno-protest-sign-end-white-supremacy	0
tweet-sno-1401	Q0	vclaim-sno-trump-back-to-africa	0
tweet-sno-1199-t22	Q0	vclaim-sno-elon-musk-snl-aspergers-reveal	0
tweet-sno-1200-t22	Q0	vclaim-sno-elon-musk-buy-facebook	0
tweet-sno-1201-t22	Q0	vclaim-sno-jeff-goldblum-musk-zuckerberg	0
tweet-sno-1204-t22	Q0	vclaim-sno-news-of-the-weak	0
tweet-sno-1205-t22	Q0	vclaim-sno-putin-hitler-time-magazine	0
tweet-sno-1206-t22	Q0	vclaim-sno-trump-say-redo-4-more-years	0
tweet-sno-1209-t22	Q0	vclaim-sno-automation-labs	0
tweet-sno-1210-t22	Q0	vclaim-sno-did-mark-zuckerberg-buy-a-150-million-yacht	0
tweet-sno-1211-t22	Q0	vclaim-sno-trump-threatened-military-action-against-mexico	0
tweet-sno-1213-t22	Q0	vclaim-sno-un-ban-word-war-russia-ukraine	0
tweet-sno-1214-t22	Q0	vclaim-sno-russian-spy-ship-east-coast	0
tweet-sno-1216-t22	Q0	vclaim-sno-reticketed	0
tweet-sno-1217-t22	Q0	vclaim-sno-un-ban-word-war-russia-ukraine	0
tweet-sno-1220-t22	Q0	vclaim-sno-singoletta-future-car	0
tweet-sno-1221-t22	Q0	vclaim-sno-rick-williams-obamas-mansion	0
tweet-sno-1222-t22	Q0	vclaim-sno-dad-posted-picture-of-baby-holding-gun-on-facebook-just-before-she-shot-herself	0
tweet-sno-1223-t22	Q0	vclaim-sno-butter-coma	0
tweet-sno-1225-t22	Q0	vclaim-sno-biden-kneel-national-anthem	0
tweet-sno-1226-t22	Q0	vclaim-sno-nfl-lawyer-dead	0
tweet-sno-1229-t22	Q0	vclaim-sno-gas-leak-bear-tennessee-home	0
tweet-sno-1230-t22	Q0	vclaim-sno-aoc-capitol-attack	0
tweet-sno-1231-t22	Q0	vclaim-sno-capitol-riot-podium	0
tweet-sno-1232-t22	Q0	vclaim-sno-car-headrests-emergency-escape	0
tweet-sno-1233-t22	Q0	vclaim-sno-hunters-moon-two-suns	0
tweet-sno-1238-t22	Q0	vclaim-sno-shes-in-the-attic	0
tweet-sno-1242-t22	Q0	vclaim-sno-6-million-more-holocaust-event	0
tweet-sno-1243-t22	Q0	vclaim-sno-students-praise-allah-common-core	0
tweet-sno-1244-t22	Q0	vclaim-sno-newsom-christian-murders	0
tweet-sno-1245-t22	Q0	vclaim-sno-arbys-liquid-meat	0
tweet-sno-1248-t22	Q0	vclaim-sno-trump-federal-troops-chicago	0
tweet-sno-1249-t22	Q0	vclaim-sno-singoletta-future-car	0
tweet-sno-1250-t22	Q0	vclaim-sno-woodstock-occur-during-pandemic	0
tweet-sno-1251-t22	Q0	vclaim-sno-wut-rage-bob-woodward	0
tweet-sno-1252-t22	Q0	vclaim-sno-sigh-of-resignation	0
tweet-sno-1254-t22	Q0	vclaim-sno-mike-pence-visit-to-iceland	0
tweet-sno-1255-t22	Q0	vclaim-sno-mypillow-antifa-temptresses	0
tweet-sno-1257-t22	Q0	vclaim-sno-bmw-giveaway	0
tweet-sno-1258-t22	Q0	vclaim-sno-singoletta-future-car	0
tweet-sno-1259-t22	Q0	vclaim-sno-irs-social-security-numbers	0
tweet-sno-1266-t22	Q0	vclaim-sno-elf-shower-scene	0
tweet-sno-1267-t22	Q0	vclaim-sno-robin-williams-worst-thing-in-life	0
tweet-sno-1268-t22	Q0	vclaim-sno-covid-vaccine-unprotected-sex	0
tweet-sno-1269-t22	Q0	vclaim-sno-ice-cream-covid19	0
tweet-sno-1272-t22	Q0	vclaim-sno-steve-bannon-bloody-lip	0
tweet-sno-1274-t22	Q0	vclaim-sno-christmas-tree-probably-not-full-lyme-disease-bearing-ticks	0
tweet-sno-1276-t22	Q0	vclaim-sno-donald-trump-7-11	0
tweet-sno-1277-t22	Q0	vclaim-sno-harry-potter-cursed-child-movie-poster	0
tweet-sno-1278-t22	Q0	vclaim-sno-category-7-harvey-irma	0
tweet-sno-1279-t22	Q0	vclaim-sno-rat-showering-like-a-person	0
tweet-sno-1281-t22	Q0	vclaim-sno-elon-musk-donald-trump-dumbass	0
tweet-sno-1282-t22	Q0	vclaim-sno-covfefe-secret-nuclear-code	0
tweet-sno-1288-t22	Q0	vclaim-sno-chernobyl-animals	0
tweet-sno-1290-t22	Q0	vclaim-sno-simpsons-predict-coronavirus	0
tweet-sno-1291-t22	Q0	vclaim-sno-simpsons-pokemon-go-prediction	0
tweet-sno-1292-t22	Q0	vclaim-sno-whatsapp-privacy-settings	0
tweet-sno-1293-t22	Q0	vclaim-sno-melania-trump-parents-chain-migration-meme	0
tweet-sno-1294-t22	Q0	vclaim-sno-theresa-may-cancels-next-general-election	0
tweet-sno-1299-t22	Q0	vclaim-sno-ingrid-newkirk-quotes-peta-euthanasia	0
tweet-sno-1300-t22	Q0	vclaim-sno-mexico-guatemala-border	0
tweet-sno-1302-t22	Q0	vclaim-sno-geocities-confidential	0
tweet-sno-1303-t22	Q0	vclaim-sno-george-soros-migrant-caravan	0
tweet-sno-1305-t22	Q0	vclaim-sno-pelosi-daughters-arrested	0
tweet-sno-1308-t22	Q0	vclaim-sno-hug-a-muslim-day	0
tweet-sno-1309-t22	Q0	vclaim-sno-asteroid-warning-april-2020	0
tweet-sno-1310-t22	Q0	vclaim-sno-nasa-confirms-existence-of-earths-second-moon	0
tweet-sno-1312-t22	Q0	vclaim-sno-lime-aid	0
tweet-sno-1313-t22	Q0	vclaim-sno-whats-in-a-name-2	0
tweet-sno-1314-t22	Q0	vclaim-sno-zimmerman-skittles-signing	0
tweet-sno-1316-t22	Q0	vclaim-sno-honey-and-cinnamon-cure	0
tweet-sno-1317-t22	Q0	vclaim-sno-flying-with-animals	0
tweet-sno-1322-t22	Q0	vclaim-sno-is-this-alberto-approaching-pensacola-beach	0
tweet-sno-1323-t22	Q0	vclaim-sno-police-hold-hand-trump-riot	0
tweet-sno-1327-t22	Q0	vclaim-sno-facebook-hacker-alert	0
tweet-sno-1328-t22	Q0	vclaim-sno-did-ivermectin-win-a-nobel-prize	0
tweet-sno-1330-t22	Q0	vclaim-sno-biden-120-years	0
tweet-sno-1331-t22	Q0	vclaim-sno-biden-admit-voter-fraud	0
tweet-sno-1332-t22	Q0	vclaim-sno-dog-sleep-by-his-masters-grave	0
tweet-sno-1333-t22	Q0	vclaim-sno-andrew-cuomo-maskless-party	0
tweet-sno-1338-t22	Q0	vclaim-sno-joe-biden-beat-biden	0
tweet-sno-1339-t22	Q0	vclaim-sno-biden-inaugural-speech	0
tweet-sno-1340-t22	Q0	vclaim-sno-rnc-video-biden-america	0
tweet-sno-1344-t22	Q0	vclaim-sno-ted-cruz-fall-asleep-joe-biden	0
tweet-sno-1346-t22	Q0	vclaim-sno-ronald-reagan-taliban-photo	0
tweet-sno-1347-t22	Q0	vclaim-sno-chicago-violence-weekend	0
tweet-sno-1350-t22	Q0	vclaim-sno-20000-bills	0
tweet-sno-1364-t22	Q0	vclaim-sno-martian-sunset-spirit	0
tweet-sno-1375-t22	Q0	vclaim-sno-taco-bell-two-dollar	0
tweet-sno-1376-t22	Q0	vclaim-sno-hackman-trump-president	0
tweet-sno-1377-t22	Q0	vclaim-sno-tucker-carlson-dan-white-society	0
tweet-sno-1378-t22	Q0	vclaim-sno-nancy-reagan-on-gay-pride	0
tweet-sno-1380-t22	Q0	vclaim-sno-kentucky-fried-chronic	0
tweet-sno-1388-t22	Q0	vclaim-sno-hobby-lobby	0
tweet-sno-1389-t22	Q0	vclaim-sno-trump-revoke-executive-order	0
tweet-sno-1390-t22	Q0	vclaim-sno-wolf-moon-january	0
tweet-sno-1397-t22	Q0	vclaim-sno-singoletta-future-car	0
tweet-sno-1398-t22	Q0	vclaim-sno-coffee-mosquitoes-zika	0
tweet-sno-1401-t22	Q0	vclaim-sno-fox-skews	0
tweet-sno-1403-t22	Q0	vclaim-sno-leatherback-sea-turtle-mouth	0
tweet-sno-1405-t22	Q0	vclaim-sno-capitol-riot-deaths	0
tweet-sno-0	Q0	vclaim-sno-hero-wombats-australia-fires	1
tweet-sno-1	Q0	vclaim-sno-ilhan-omar-treason-advice-iran	1
tweet-sno-2	Q0	vclaim-sno-us-army-sending-texts-on-draft	1
tweet-sno-3	Q0	vclaim-sno-us-army-sending-texts-on-draft	1
tweet-sno-4	Q0	vclaim-sno-video-of-drone-strike-soleimani	1
tweet-sno-8	Q0	vclaim-sno-is-minecraft-shutting-down	1
tweet-sno-9	Q0	vclaim-sno-is-minecraft-shutting-down	1
tweet-sno-10	Q0	vclaim-sno-minecraft-for-mein-kampf-mixup	1
tweet-sno-12	Q0	vclaim-sno-bloomberg-campaign-prisoners	1
tweet-sno-13	Q0	vclaim-sno-nazi-flag-menorah-hanukkah	1
tweet-sno-14	Q0	vclaim-sno-graham-impeachment-obstruction	1
tweet-sno-15	Q0	vclaim-sno-us-wakanda-trading-partner	1
tweet-sno-16	Q0	vclaim-sno-us-wakanda-trading-partner	1
tweet-sno-18	Q0	vclaim-sno-pnb-rock-killed-buying-prada	1
tweet-sno-19	Q0	vclaim-sno-leeds-hospital-floor-photo	1
tweet-sno-20	Q0	vclaim-sno-leeds-hospital-floor-photo	1
tweet-sno-22	Q0	vclaim-sno-stephanie-grisham-dui	1
tweet-sno-24	Q0	vclaim-sno-trump-threaten-whistleblower	1
tweet-sno-26	Q0	vclaim-sno-border-wall-fence-trump-climb	1
tweet-sno-27	Q0	vclaim-sno-blackface-governors-vs-blacks	1
tweet-sno-28	Q0	vclaim-sno-trump-my-crimes-investigated	1
tweet-sno-29	Q0	vclaim-sno-buttigieg-chick-fil-a	1
tweet-sno-30	Q0	vclaim-sno-trump-campaign-photoshop-hat	1
tweet-sno-31	Q0	vclaim-sno-alabama-bless-incest-marriage	1
tweet-sno-32	Q0	vclaim-sno-bahamians-kicked-off-ferry	1
tweet-sno-33	Q0	vclaim-sno-cocaine-bricks-wash-up-dorian	1
tweet-sno-35	Q0	vclaim-sno-pence-rainbow-flags-iceland	1
tweet-sno-36	Q0	vclaim-sno-amusement-park-break-in-lawsuit	1
tweet-sno-41	Q0	vclaim-sno-hillary-clinton-dorian	1
tweet-sno-44	Q0	vclaim-sno-overseas-us-troops-kids-citizens	1
tweet-sno-45	Q0	vclaim-sno-trumps-hotel-g7-settle-lawsuit	1
tweet-sno-48	Q0	vclaim-sno-olive-garden-trump-reelection	1
tweet-sno-49	Q0	vclaim-sno-trump-nuke-hurricanes	1
tweet-sno-50	Q0	vclaim-sno-psychiatrist-hitler-stalin-and-mao	1
tweet-sno-55	Q0	vclaim-sno-simpsons-trump-buy-greenland	1
tweet-sno-56	Q0	vclaim-sno-amazon-rainforest-on-fire-2019	1
tweet-sno-57	Q0	vclaim-sno-president-trump-wedding	1
tweet-sno-58	Q0	vclaim-sno-cvs-trump-2020-campaign	1
tweet-sno-59	Q0	vclaim-sno-ellen-weintraub-trump-voter-fraud	1
tweet-sno-65	Q0	vclaim-sno-bang-energy-trump-campaign	1
tweet-sno-67	Q0	vclaim-sno-trump-laugh-immigrants-shot	1
tweet-sno-68	Q0	vclaim-sno-trump-tweets-invaders-deleted	1
tweet-sno-69	Q0	vclaim-sno-democrats-in-italy	1
tweet-sno-70	Q0	vclaim-sno-democrats-in-italy	1
tweet-sno-71	Q0	vclaim-sno-seesaws-at-us-mexico-border	1
tweet-sno-77	Q0	vclaim-sno-trump-speech-presidential-seal	1
tweet-sno-79	Q0	vclaim-sno-zuckerberg-facebook-ireland-ads	1
tweet-sno-80	Q0	vclaim-sno-ilhan-omar-and-aoc-polling	1
tweet-sno-81	Q0	vclaim-sno-bill-clinton-with-jeffrey-epstein	1
tweet-sno-82	Q0	vclaim-sno-priest-pushed-off-brazil-stage	1
tweet-sno-83	Q0	vclaim-sno-perfume-car-fire-ac	1
tweet-sno-86	Q0	vclaim-sno-plane-fuel-tanker	1
tweet-sno-88	Q0	vclaim-sno-jfk-inaugural-parade-tanks	1
tweet-sno-89	Q0	vclaim-sno-rapinoe-flag-stomp	1
tweet-sno-90	Q0	vclaim-sno-skinhead-cop-tattoo-jewish	1
tweet-sno-91	Q0	vclaim-sno-trump-revolutionary-war-airports	1
tweet-sno-92	Q0	vclaim-sno-trump-revolutionary-war-airports	1
tweet-sno-93	Q0	vclaim-sno-milkshakes-thrown-in-portland	1
tweet-sno-94	Q0	vclaim-sno-elderly-man-beaten-in-portland	1
tweet-sno-95	Q0	vclaim-sno-elderly-man-beaten-in-portland	1
tweet-sno-101	Q0	vclaim-sno-biden-kkk-klan-wizard	1
tweet-sno-102	Q0	vclaim-sno-aoc-empty-parking-lot	1
tweet-sno-103	Q0	vclaim-sno-donald-trump-30-men-maternity-care	1
tweet-sno-107	Q0	vclaim-sno-trump-supporters-leave-trash	1
tweet-sno-108	Q0	vclaim-sno-trump-cleanest-air-world	1
tweet-sno-110	Q0	vclaim-sno-video-trump-supporters	1
tweet-sno-111	Q0	vclaim-sno-einstein-sound-and-light-waves	1
tweet-sno-114	Q0	vclaim-sno-roosevelt-answer-to-terrorism	1
tweet-sno-115	Q0	vclaim-sno-uss-mccain-trump	1
tweet-sno-121	Q0	vclaim-sno-1996-law-non-citizens-vote	1
tweet-sno-126	Q0	vclaim-sno-jefferson-government-corrupt-liars	1
tweet-sno-130	Q0	vclaim-sno-joe-biden-no-empathy	1
tweet-sno-131	Q0	vclaim-sno-sanders-christianity-muslim-view	1
tweet-sno-132	Q0	vclaim-sno-sanders-christianity-muslim-view	1
tweet-sno-140	Q0	vclaim-sno-canadians-eating-while-driving	1
tweet-sno-141	Q0	vclaim-sno-malabar-giant-squirrel	1
tweet-sno-142	Q0	vclaim-sno-brunei-stoning-laws	1
tweet-sno-144	Q0	vclaim-sno-el-paso-bridge-immigrants	1
tweet-sno-145	Q0	vclaim-sno-el-paso-bridge-immigrants	1
tweet-sno-147	Q0	vclaim-sno-germany-ambassador-grenell	1
tweet-sno-148	Q0	vclaim-sno-abortion-drown-flush	1
tweet-sno-149	Q0	vclaim-sno-abortion-drown-flush	1
tweet-sno-151	Q0	vclaim-sno-louis-vuitton-sponsor-human-zoos	1
tweet-sno-157	Q0	vclaim-sno-pp-abortion-harvest-brain	1
tweet-sno-160	Q0	vclaim-sno-texas-governor-tweet-rapist	1
tweet-sno-161	Q0	vclaim-sno-democrats-college-immigrants	1
tweet-sno-167	Q0	vclaim-sno-league-of-nazi-socialist-women	1
tweet-sno-168	Q0	vclaim-sno-el-paso-border-barrier-crime	1
tweet-sno-169	Q0	vclaim-sno-trump-sotu-super-bowl	1
tweet-sno-170	Q0	vclaim-sno-california-newborn-named-emoji	1
tweet-sno-171	Q0	vclaim-sno-kamala-harris-homeless-mother	1
tweet-sno-172	Q0	vclaim-sno-15-homeless-dead-in-chicago	1
tweet-sno-174	Q0	vclaim-sno-ilhan-omar-isis	1
tweet-sno-175	Q0	vclaim-sno-ilhan-omar-isis	1
tweet-sno-176	Q0	vclaim-sno-ilhan-omar-isis	1
tweet-sno-181	Q0	vclaim-sno-lettuce-deaths-illegal-immigrants	1
tweet-sno-188	Q0	vclaim-sno-kamala-harris-eligibility	1
tweet-sno-193	Q0	vclaim-sno-wall-street-border-wall	1
tweet-sno-194	Q0	vclaim-sno-wall-street-border-wall	1
tweet-sno-195	Q0	vclaim-sno-roger-stone-nixon-tattoo	1
tweet-sno-196	Q0	vclaim-sno-adam-schiffs-sister-was-married-to-george-soros-son	1
tweet-sno-197	Q0	vclaim-sno-trump-fine-stealing-veterans	1
tweet-sno-198	Q0	vclaim-sno-adam-schiff-settle-claim	1
tweet-sno-199	Q0	vclaim-sno-450-pound-dog	1
tweet-sno-200	Q0	vclaim-sno-schiff-refuse-gop-talk	1
tweet-sno-201	Q0	vclaim-sno-facebook-open-phones-camera	1
tweet-sno-202	Q0	vclaim-sno-trump-steal-kids-cancer-charity	1
tweet-sno-203	Q0	vclaim-sno-sons-top-democrats-ukraine-clinton	1
tweet-sno-204	Q0	vclaim-sno-sons-top-democrats-ukraine-clinton	1
tweet-sno-205	Q0	vclaim-sno-nike-workers-pay-kaepernick	1
tweet-sno-206	Q0	vclaim-sno-koala-australian-bushfires	1
tweet-sno-207	Q0	vclaim-sno-nancy-pelosi-voters-decide	1
tweet-sno-209	Q0	vclaim-sno-fox-news-vindman-statement	1
tweet-sno-210	Q0	vclaim-sno-julia-roberts-harriet-tubman	1
tweet-sno-211	Q0	vclaim-sno-berkeley-instructor-rural-usa	1
tweet-sno-212	Q0	vclaim-sno-greta-mural-spray-paint	1
tweet-sno-214	Q0	vclaim-sno-shrink-a-penny-in-a-microwave	1
tweet-sno-218	Q0	vclaim-sno-pagoda-flower-bloom-400-years	1
tweet-sno-221	Q0	vclaim-sno-democrats-medicare-tax-plan	1
tweet-sno-223	Q0	vclaim-sno-al-baghdadi-released-obama	1
tweet-sno-224	Q0	vclaim-sno-al-baghdadi-released-obama	1
tweet-sno-227	Q0	vclaim-sno-trump-situation-room-photo	1
tweet-sno-228	Q0	vclaim-sno-trump-obama-bin-laden	1
tweet-sno-229	Q0	vclaim-sno-dolly-parton-2-songs-one-day	1
tweet-sno-230	Q0	vclaim-sno-trump-border-wall-colorado	1
tweet-sno-231	Q0	vclaim-sno-trump-finger-gesture-astronaut	1
tweet-sno-234	Q0	vclaim-sno-elizabeth-warren-mollie-tibbetts	1
tweet-sno-237	Q0	vclaim-sno-278-years-golf	1
tweet-sno-238	Q0	vclaim-sno-trump-letter-to-erdogan-turkey	1
tweet-sno-239	Q0	vclaim-sno-trump-italy-mozzarella-president	1
tweet-sno-240	Q0	vclaim-sno-trump-italy-mozzarella-president	1
tweet-sno-241	Q0	vclaim-sno-trump-italy-mozzarella-president	1
tweet-sno-242	Q0	vclaim-sno-abc-video-syrian-war-footage	1
tweet-sno-244	Q0	vclaim-sno-google-define-parasite-capitalist	1
tweet-sno-245	Q0	vclaim-sno-trey-gowdy-trumps-legal-team	1
tweet-sno-248	Q0	vclaim-sno-trump-tower-kurd-banner	1
tweet-sno-250	Q0	vclaim-sno-hong-kong-protesters-projectors	1
tweet-sno-251	Q0	vclaim-sno-obama-tweet-ukraine	1
tweet-sno-253	Q0	vclaim-sno-president-finland-wh-video	1
tweet-sno-254	Q0	vclaim-sno-babies-climate-change-aoc	1
tweet-sno-255	Q0	vclaim-sno-monica-lewinsky-trump-tweet	1
tweet-sno-259	Q0	vclaim-sno-elizabeth-warren-sex-reassignment	1
tweet-sno-261	Q0	vclaim-sno-whistleblowers-firsthand-knowledge	1
tweet-sno-263	Q0	vclaim-sno-democrats-puerto-rico-shutdown	1
tweet-sno-264	Q0	vclaim-sno-democrats-puerto-rico-shutdown	1
tweet-sno-266	Q0	vclaim-sno-m1-m25-speed-cameras	1
tweet-sno-267	Q0	vclaim-sno-trump-fema-order-california-wildfires	1
tweet-sno-268	Q0	vclaim-sno-ronald-reagan-border-wall-idea	1
tweet-sno-269	Q0	vclaim-sno-schumer-pelosi-150-billion	1
tweet-sno-270	Q0	vclaim-sno-chuck-schumer-excessive-contributions	1
tweet-sno-271	Q0	vclaim-sno-chuck-schumer-excessive-contributions	1
tweet-sno-273	Q0	vclaim-sno-bre-paytons-death-strange	1
tweet-sno-275	Q0	vclaim-sno-new-jersey-gun-confiscation	1
tweet-sno-276	Q0	vclaim-sno-18-migrant-children-died-obama	1
tweet-sno-277	Q0	vclaim-sno-mummified-dinosaur	1
tweet-sno-282	Q0	vclaim-sno-trump-entities-criminal-probe	1
tweet-sno-283	Q0	vclaim-sno-blackbird-civil-rights	1
tweet-sno-284	Q0	vclaim-sno-aldi-free-food-homeless-christmas	1
tweet-sno-286	Q0	vclaim-sno-baguette-knives-paris-protests	1
tweet-sno-290	Q0	vclaim-sno-netflix-friends	1
tweet-sno-291	Q0	vclaim-sno-netflix-friends	1
tweet-sno-292	Q0	vclaim-sno-immigrants-numbers-arms	1
tweet-sno-293	Q0	vclaim-sno-eminems-daughter-rapping-video	1
tweet-sno-294	Q0	vclaim-sno-george-h-w-bush-obituary	1
tweet-sno-295	Q0	vclaim-sno-dick-van-dyke-trump-dictator	1
tweet-sno-296	Q0	vclaim-sno-tomi-lahren-tear-gas	1
tweet-sno-302	Q0	vclaim-sno-daniel-best-suicide-foul-play	1
tweet-sno-303	Q0	vclaim-sno-trump-osama-attack	1
tweet-sno-304	Q0	vclaim-sno-obama-block-fox-news-reporters	1
tweet-sno-305	Q0	vclaim-sno-obama-block-fox-news-reporters	1
tweet-sno-306	Q0	vclaim-sno-obama-block-fox-news-reporters	1
tweet-sno-307	Q0	vclaim-sno-broward-county-blank-ballots	1
tweet-sno-311	Q0	vclaim-sno-trump-financial-interests-saudi-arabia	1
tweet-sno-312	Q0	vclaim-sno-trump-financial-interests-saudi-arabia	1
tweet-sno-316	Q0	vclaim-sno-stickers-pipe-bomber-van-changed	1
tweet-sno-317	Q0	vclaim-sno-stickers-pipe-bomber-van-changed	1
tweet-sno-318	Q0	vclaim-sno-trump-christ-billboard-st-louis	1
tweet-sno-319	Q0	vclaim-sno-can-pardoned-felons-vote	1
tweet-sno-320	Q0	vclaim-sno-barron-trump-benefit-birthright-citizenship	1
tweet-sno-321	Q0	vclaim-sno-homeless-go-back-to-africa-sign	1
tweet-sno-322	Q0	vclaim-sno-stacey-abrams-burned-georgia-flag	1
tweet-sno-323	Q0	vclaim-sno-north-carolina-voter-id	1
tweet-sno-325	Q0	vclaim-sno-soros-caravan-refugees	1
tweet-sno-329	Q0	vclaim-sno-school-shootings-christianity-texas-japan	1
tweet-sno-330	Q0	vclaim-sno-north-dakota-native-american-voters	1
tweet-sno-333	Q0	vclaim-sno-craigslist-ad-linestanders-trump-rally	1
tweet-sno-337	Q0	vclaim-sno-susan-collins-husband-russia	1
tweet-sno-339	Q0	vclaim-sno-brett-kavanaugh-raped-immigrant-abortion	1
tweet-sno-342	Q0	vclaim-sno-brett-kavanaugh-gofundme-page	1
tweet-sno-344	Q0	vclaim-sno-paid-protesters-kavanaugh-hearings	1
tweet-sno-345	Q0	vclaim-sno-christine-blasey-ford-cia	1
tweet-sno-349	Q0	vclaim-sno-kavanaugh-accuser-soros-ties	1
tweet-sno-350	Q0	vclaim-sno-paul-gosars-siblings	1
tweet-sno-352	Q0	vclaim-sno-ann-coulter-men-no-choice	1
tweet-sno-353	Q0	vclaim-sno-elephant-carrying-lion-cub	1
tweet-sno-365	Q0	vclaim-sno-morgan-freeman-trump-bonafide-sack	1
tweet-sno-367	Q0	vclaim-sno-fox-news-festivus-michael-cohen	1
tweet-sno-371	Q0	vclaim-sno-george-stinney-execution-exoneration	1
tweet-sno-373	Q0	vclaim-sno-chelsea-clinton-abortion-good-for-economy	1
tweet-sno-376	Q0	vclaim-sno-trump-if-soldiers-were-real-patriots	1
tweet-sno-377	Q0	vclaim-sno-trump-if-soldiers-were-real-patriots	1
tweet-sno-380	Q0	vclaim-sno-1950s-magazine-ad-colt-cobra	1
tweet-sno-381	Q0	vclaim-sno-pelosi-plastic-straw-guns	1
tweet-sno-384	Q0	vclaim-sno-5-million-bikers-video	1
tweet-sno-387	Q0	vclaim-sno-walkaway-campaign-stock-photos	1
tweet-sno-388	Q0	vclaim-sno-elizabeth-holtzman-homeland-security-letter	1
tweet-sno-391	Q0	vclaim-sno-veterans-food-stamps	1
tweet-sno-392	Q0	vclaim-sno-treason-impeachment-removal	1
tweet-sno-396	Q0	vclaim-sno-betsy-devos-america-tweet	1
tweet-sno-401	Q0	vclaim-sno-obama-agree-trump-administration-immigration-policies	1
tweet-sno-402	Q0	vclaim-sno-was-cartoonist-fired-for-trump-drawing	1
tweet-sno-408	Q0	vclaim-sno-was-robert-deniro-child-trafficking-ring	1
tweet-sno-409	Q0	vclaim-sno-tommy-robinson-protest-photo	1
tweet-sno-413	Q0	vclaim-sno-have-children-fined-lemonade-stands	1
tweet-sno-414	Q0	vclaim-sno-ronald-reagan-demagogues-trade-war	1
tweet-sno-415	Q0	vclaim-sno-paul-krugman-internets-effect-economy	1
tweet-sno-416	Q0	vclaim-sno-did-georgia-lawmaker-nazis-d-day	1
tweet-sno-417	Q0	vclaim-sno-ivanka-trumps-line-rebranded-adrienne-vittadini	1
tweet-sno-418	Q0	vclaim-sno-ivanka-trumps-line-rebranded-adrienne-vittadini	1
tweet-sno-420	Q0	vclaim-sno-martha-stewart-pardon-tweet	1
tweet-sno-422	Q0	vclaim-sno-are-rosaries-taken-immigrants-border	1
tweet-sno-424	Q0	vclaim-sno-did-beagle-queen-to-royal-wedding	1
tweet-sno-425	Q0	vclaim-sno-trump-animals-hitler	1
tweet-sno-426	Q0	vclaim-sno-trump-weight-girther-leaked-documents	1
tweet-sno-428	Q0	vclaim-sno-military-spouses-white-house	1
tweet-sno-429	Q0	vclaim-sno-did-educator-say-ask-babies-permission	1
tweet-sno-430	Q0	vclaim-sno-may-day-protests-kiss	1
tweet-sno-431	Q0	vclaim-sno-general-eaton-iran-deal	1
tweet-sno-432	Q0	vclaim-sno-obama-administration-unable-arrange-release	1
tweet-sno-433	Q0	vclaim-sno-shoebill-stork-real-animal	1
tweet-sno-434	Q0	vclaim-sno-lynched-oklahoma-media	1
tweet-sno-435	Q0	vclaim-sno-lynched-oklahoma-media	1
tweet-sno-436	Q0	vclaim-sno-samuel-l-jackson-rappers-tweet	1
tweet-sno-437	Q0	vclaim-sno-university-of-texas-masculinity	1
tweet-sno-438	Q0	vclaim-sno-nra-events-guns	1
tweet-sno-440	Q0	vclaim-sno-hillary-clinton-smash-phone-hammer	1
tweet-sno-441	Q0	vclaim-sno-camels-crossing-the-sea	1
tweet-sno-442	Q0	vclaim-sno-yeti-nra-business-ties	1
tweet-sno-443	Q0	vclaim-sno-yeti-nra-business-ties	1
tweet-sno-444	Q0	vclaim-sno-mike-pences-brother-russian-military	1
tweet-sno-445	Q0	vclaim-sno-millionaire-horsepower-llamathrust	1
tweet-sno-446	Q0	vclaim-sno-did-clinton-say-syria-israel-leaked-e-mail	1
tweet-sno-451	Q0	vclaim-sno-did-trump-say-community-college-13th-grade	1
tweet-sno-452	Q0	vclaim-sno-amazon-bankrupting-united-states-postal-service	1
tweet-sno-453	Q0	vclaim-sno-amazon-bankrupting-united-states-postal-service	1
tweet-sno-455	Q0	vclaim-sno-corey-feldman-stabbing-incident	1
tweet-sno-456	Q0	vclaim-sno-corey-feldman-stabbing-incident	1
tweet-sno-457	Q0	vclaim-sno-did-russia-monument-native-americans-moscow	1
tweet-sno-459	Q0	vclaim-sno-soros-paid-march-for-our-lives-protesters	1
tweet-sno-463	Q0	vclaim-sno-rihanna-snapchat	1
tweet-sno-464	Q0	vclaim-sno-does-blue-buffalo-contain-toxic-levels-lead	1
tweet-sno-465	Q0	vclaim-sno-church-of-lucifer-colombia	1
tweet-sno-469	Q0	vclaim-sno-dss-fired-gun-permit	1
tweet-sno-470	Q0	vclaim-sno-does-juuling-cancer-young-people	1
tweet-sno-471	Q0	vclaim-sno-mcdonalds-restaurants-flipping-womens-day	1
tweet-sno-472	Q0	vclaim-sno-mcdonalds-restaurants-flipping-womens-day	1
tweet-sno-473	Q0	vclaim-sno-is-amazons-alexa-emitting-unprompted-creepy-laughing	1
tweet-sno-474	Q0	vclaim-sno-is-amazons-alexa-emitting-unprompted-creepy-laughing	1
tweet-sno-475	Q0	vclaim-sno-did-hundreds-ar15-blessing-ceremony	1
tweet-sno-477	Q0	vclaim-sno-trump-stops-mugging-1991	1
tweet-sno-478	Q0	vclaim-sno-nra-california-open-carry-ban	1
tweet-sno-480	Q0	vclaim-sno-nra-letter-wisconsin-judges	1
tweet-sno-481	Q0	vclaim-sno-trump-crib-notes-parkland	1
tweet-sno-482	Q0	vclaim-sno-alligators-white-house-pets	1
tweet-sno-487	Q0	vclaim-sno-pope-francis-girl-sit-mass	1
tweet-sno-490	Q0	vclaim-sno-george-soros-destroy-united-states	1
tweet-sno-491	Q0	vclaim-sno-palestinians-dance-nikki-haley-un	1
tweet-sno-492	Q0	vclaim-sno-luis-gutierrez-state-of-the-union	1
tweet-sno-496	Q0	vclaim-sno-trump-display-names-campaign-donors-state-union	1
tweet-sno-498	Q0	vclaim-sno-no-lackin-challenge	1
tweet-sno-499	Q0	vclaim-sno-no-lackin-challenge	1
tweet-sno-501	Q0	vclaim-sno-fox-news-banned-australia-new-zealand	1
tweet-sno-502	Q0	vclaim-sno-fox-news-banned-australia-new-zealand	1
tweet-sno-503	Q0	vclaim-sno-jamie-oliver-mcdonalds-burgers	1
tweet-sno-505	Q0	vclaim-sno-joe-biden-hairy-legs-remark	1
tweet-sno-507	Q0	vclaim-sno-5-people-atop-skyscraper-spire	1
tweet-sno-508	Q0	vclaim-sno-area-51-raid-images	1
tweet-sno-510	Q0	vclaim-sno-trump-tweet-echo-mein-kampf	1
tweet-sno-511	Q0	vclaim-sno-native-burial-sites-border-wall	1
tweet-sno-512	Q0	vclaim-sno-broom-standing-gravitational-pull	1
tweet-sno-513	Q0	vclaim-sno-white-house-trump_photo-delete	1
tweet-sno-516	Q0	vclaim-sno-hurricane-dorian-near-florida	1
tweet-sno-518	Q0	vclaim-sno-epstein-clinton-dress-painting	1
tweet-sno-522	Q0	vclaim-sno-2020-summer-olympics-logo	1
tweet-sno-523	Q0	vclaim-sno-parasites-rights-abortion-sign	1
tweet-sno-525	Q0	vclaim-sno-pastor-david-platt-donald-trump	1
tweet-sno-526	Q0	vclaim-sno-chase-bank-deleted-tweet	1
tweet-sno-528	Q0	vclaim-sno-trevor-lawrence-white-house-meal	1
tweet-sno-533	Q0	vclaim-sno-border-patrol-officer-death	1
tweet-sno-534	Q0	vclaim-sno-synagogue-shooting-victim-rose-mallinger	1
tweet-sno-535	Q0	vclaim-sno-usps-secret-service-false-flag	1
tweet-sno-536	Q0	vclaim-sno-asking-for-provisional-ballots	1
tweet-sno-538	Q0	vclaim-sno-florida-airport-flooded-michael	1
tweet-sno-539	Q0	vclaim-sno-donald-trumps-mother-photo	1
tweet-sno-540	Q0	vclaim-sno-julie-swetnick-restraining-order	1
tweet-sno-541	Q0	vclaim-sno-i40-north-carolina-underwater	1
tweet-sno-543	Q0	vclaim-sno-brett-kavanaughs-children-harassed	1
tweet-sno-544	Q0	vclaim-sno-john-mccain-last-words-trump	1
tweet-sno-546	Q0	vclaim-sno-little-leaguer-porn-star	1
tweet-sno-547	Q0	vclaim-sno-little-leaguer-porn-star	1
tweet-sno-548	Q0	vclaim-sno-supreme-court-rule-1943-patriotic-rituals	1
tweet-sno-551	Q0	vclaim-sno-bikers-for-trump-tattoos	1
tweet-sno-552	Q0	vclaim-sno-trump-and-obama-by-the-numbers	1
tweet-sno-553	Q0	vclaim-sno-russian-than-democrat-shirts	1
tweet-sno-555	Q0	vclaim-sno-law-bans-antifa	1
tweet-sno-556	Q0	vclaim-sno-german-news-trump-nato	1
tweet-sno-557	Q0	vclaim-sno-police-13-year-old-girl-beheaded-seeing-grandmother-die	1
tweet-sno-559	Q0	vclaim-sno-hallway-stop-running	1
tweet-sno-562	Q0	vclaim-sno-did-controversial-jacket-pro-fascism-message	1
tweet-sno-564	Q0	vclaim-sno-peter-fonda-barron-trump	1
tweet-sno-565	Q0	vclaim-sno-methodists-jeff-sessions-child-abuse-immigration	1
tweet-sno-568	Q0	vclaim-sno-incredibles-2-epilepsy-warning	1
tweet-sno-569	Q0	vclaim-sno-incredibles-2-epilepsy-warning	1
tweet-sno-570	Q0	vclaim-sno-incredibles-2-epilepsy-warning	1
tweet-sno-571	Q0	vclaim-sno-incredibles-2-epilepsy-warning	1
tweet-sno-575	Q0	vclaim-sno-toddler-cage-photo	1
tweet-sno-577	Q0	vclaim-sno-did-lahren-compare-hair-beyonces	1
tweet-sno-581	Q0	vclaim-sno-second-broward-county-death	1
tweet-sno-584	Q0	vclaim-sno-joy-behar-trump-tower-fire	1
tweet-sno-588	Q0	vclaim-sno-officials-warn-poison-bottled-water	1
tweet-sno-589	Q0	vclaim-sno-trump-presidential-seal	1
tweet-sno-590	Q0	vclaim-sno-did-first-responder-stand-down-parkland	1
tweet-sno-591	Q0	vclaim-sno-wayne-lapierre-no-guns-in-schools	1
tweet-sno-595	Q0	vclaim-sno-stores-locking-tide-pods-people-wont-eat	1
tweet-sno-596	Q0	vclaim-sno-will-eating-alligator-save-wetlands	1
tweet-sno-597	Q0	vclaim-sno-white-house-comment-line-trump	1
tweet-sno-598	Q0	vclaim-sno-trump-criticize-obama-shutdown	1
tweet-sno-599	Q0	vclaim-sno-trump-criticize-obama-shutdown	1
tweet-sno-601	Q0	vclaim-sno-clinton-foundation-paid-for-chelseas-wedding	1
tweet-sno-602	Q0	vclaim-sno-clinton-foundation-paid-for-chelseas-wedding	1
tweet-sno-603	Q0	vclaim-sno-clinton-foundation-paid-for-chelseas-wedding	1
tweet-sno-604	Q0	vclaim-sno-san-diego-rainmaker	1
tweet-sno-605	Q0	vclaim-sno-botswana-condemns-trump-remarks	1
tweet-sno-606	Q0	vclaim-sno-tide-pod-challenge	1
tweet-sno-617	Q0	vclaim-sno-wikileaks-releases-deep-state-files-deepstatefiles	1
tweet-sno-618	Q0	vclaim-sno-wikileaks-releases-deep-state-files-deepstatefiles	1
tweet-sno-620	Q0	vclaim-sno-did-odonnell-offer-bribes-to-senators	1
tweet-sno-627	Q0	vclaim-sno-elephant-trophy-import-ban-lifted	1
tweet-sno-628	Q0	vclaim-sno-woman-attacked-on-camera-for-wearing-a-trump-hat-in-hollywood	1
tweet-sno-629	Q0	vclaim-sno-deported-veterans-photo	1
tweet-sno-630	Q0	vclaim-sno-did-washington-post-offer-accuse-roy-moore	1
tweet-sno-631	Q0	vclaim-sno-saudi-arabia-beheads-robot	1
tweet-sno-632	Q0	vclaim-sno-did-trump-impatiently-dump-fish-food-in-japanese-koi-pond	1
tweet-sno-635	Q0	vclaim-sno-papa-johns-nfl-advertising	1
tweet-sno-642	Q0	vclaim-sno-was-niger-attack-worse-than-benghazi	1
tweet-sno-646	Q0	vclaim-sno-kaepernick-anthem-stand-if-signed	1
tweet-sno-647	Q0	vclaim-sno-kaepernick-anthem-stand-if-signed	1
tweet-sno-651	Q0	vclaim-sno-trump-puerto-rico-golf-course	1
tweet-sno-659	Q0	vclaim-sno-trump-obama-nfl-tweet	1
tweet-sno-661	Q0	vclaim-sno-healthcare-gov-maintenance	1
tweet-sno-662	Q0	vclaim-sno-trumps-flip-flop-on-flag-burning	1
tweet-sno-666	Q0	vclaim-sno-neko-cases-barn-damaged-by-fire	1
tweet-sno-669	Q0	vclaim-sno-red-cross-hurricane-meal	1
tweet-sno-671	Q0	vclaim-sno-zello-work-without-internet	1
tweet-sno-672	Q0	vclaim-sno-red-cross-hamburgers	1
tweet-sno-673	Q0	vclaim-sno-joel-osteen-flood-tithing	1
tweet-sno-674	Q0	vclaim-sno-floating-islands-of-fire-ants	1
tweet-sno-675	Q0	vclaim-sno-james-earl-jones-star-wars-london-segregation	1
tweet-sno-676	Q0	vclaim-sno-james-earl-jones-star-wars-london-segregation	1
tweet-sno-678	Q0	vclaim-sno-mexico-troops-hurricane-katrina	1
tweet-sno-679	Q0	vclaim-sno-mexico-troops-hurricane-katrina	1
tweet-sno-681	Q0	vclaim-sno-robert-e-lee-confederate-monuments	1
tweet-sno-682	Q0	vclaim-sno-robert-e-lee-confederate-monuments	1
tweet-sno-685	Q0	vclaim-sno-attorney-general-of-alabama-told-the-klan	1
tweet-sno-686	Q0	vclaim-sno-trump-retweet-cartoon-train-hitting-cnn-reporter	1
tweet-sno-687	Q0	vclaim-sno-dont-be-a-sucker-film	1
tweet-sno-688	Q0	vclaim-sno-anonymous-daily-stormer	1
tweet-sno-689	Q0	vclaim-sno-walmart-sign-over-gun-display	1
tweet-sno-714	Q0	vclaim-sno-mike-pence-say-only-guilty-people-hire-criminal-defense-attorneys	1
tweet-sno-715	Q0	vclaim-sno-rand-paul-tweet-second-amendment-purpose-shoot-tyrannical-government	1
tweet-sno-716	Q0	vclaim-sno-sun-full-moon	1
tweet-sno-723	Q0	vclaim-sno-ted-cruz-southern-states-nuclear-weapons-protect-beliefs	1
tweet-sno-728	Q0	vclaim-sno-covfefe-arabic-antediluvian	1
tweet-sno-729	Q0	vclaim-sno-trump-subscription-box	1
tweet-sno-735	Q0	vclaim-sno-darrell-issa-avoid-protesters	1
tweet-sno-736	Q0	vclaim-sno-darrell-issa-avoid-protesters	1
tweet-sno-737	Q0	vclaim-sno-darrell-issa-avoid-protesters	1
tweet-sno-738	Q0	vclaim-sno-president-trump-gives-finger	1
tweet-sno-739	Q0	vclaim-sno-photo-hillary-clinton-manchester-bombers-father-abedi	1
tweet-sno-740	Q0	vclaim-sno-obama-trump-holocaust-memorial	1
tweet-sno-744	Q0	vclaim-sno-marilyn-monroe-iq	1
tweet-sno-745	Q0	vclaim-sno-seth-rich-parents-thank-internet-wikileaks	1
tweet-sno-746	Q0	vclaim-sno-nixon-predicted-trump-success	1
tweet-sno-747	Q0	vclaim-sno-nixon-predicted-trump-success	1
tweet-sno-751	Q0	vclaim-sno-aclu-travel-warning-texas	1
tweet-sno-752	Q0	vclaim-sno-cbo-ahca-score	1
tweet-sno-753	Q0	vclaim-sno-cbo-ahca-score	1
tweet-sno-754	Q0	vclaim-sno-trump-disgrace-world-girl	1
tweet-sno-755	Q0	vclaim-sno-bill-nye-extra-kids	1
tweet-sno-760	Q0	vclaim-sno-melania-trump-relationship-tweet	1
tweet-sno-761	Q0	vclaim-sno-donald-trump-civil-war-monument	1
tweet-sno-766	Q0	vclaim-sno-jeff-goldblum-food-truck	1
tweet-sno-767	Q0	vclaim-sno-jeff-goldblum-food-truck	1
tweet-sno-768	Q0	vclaim-sno-kristyna-martelli	1
tweet-sno-771	Q0	vclaim-sno-wjw-dark-white-steve-stephens	1
tweet-sno-773	Q0	vclaim-sno-a-truckin-miracle	1
tweet-sno-774	Q0	vclaim-sno-schumer-candidates-christian-beliefs	1
tweet-sno-775	Q0	vclaim-sno-spicer-weapons-germans	1
tweet-sno-776	Q0	vclaim-sno-blm-ferguson-russia	1
tweet-sno-778	Q0	vclaim-sno-republicans-1928-control	1
tweet-sno-779	Q0	vclaim-sno-devin-nunes-wine-russia	1
tweet-sno-780	Q0	vclaim-sno-democrats-socialist-party-poster	1
tweet-sno-782	Q0	vclaim-sno-study-find-mens-beards-filled-poop	1
tweet-sno-791	Q0	vclaim-sno-obama-prisoner-release	1
tweet-sno-792	Q0	vclaim-sno-obama-prisoner-release	1
tweet-sno-793	Q0	vclaim-sno-lot-reserved-for-future-internment-camp	1
tweet-sno-794	Q0	vclaim-sno-amy-schumer-arrested	1
tweet-sno-796	Q0	vclaim-sno-americas-pediatricians-gender-kids	1
tweet-sno-797	Q0	vclaim-sno-mccain-campaign-contributions-russian-government	1
tweet-sno-798	Q0	vclaim-sno-audio-jake-tapper-racist-rant	1
tweet-sno-803	Q0	vclaim-sno-schools-banning-valentines-offends-muslims	1
tweet-sno-807	Q0	vclaim-sno-burger-king-adult-meal	1
tweet-sno-808	Q0	vclaim-sno-burger-king-adult-meal	1
tweet-sno-809	Q0	vclaim-sno-trump-putin-switzerland	1
tweet-sno-810	Q0	vclaim-sno-poland-march-refugees	1
tweet-sno-812	Q0	vclaim-sno-betsy-devos-demand-classroom-globes-flattened	1
tweet-sno-813	Q0	vclaim-sno-trump-eo-vaccine-ban	1
tweet-sno-816	Q0	vclaim-sno-trump-call-putin-disabled	1
tweet-sno-823	Q0	vclaim-sno-steve-bannon-need-senate-confirmation-hearing-sit-nsc	1
tweet-sno-825	Q0	vclaim-sno-sean-spicer-onion-retweet	1
tweet-sno-826	Q0	vclaim-sno-mike-pence-muslim-ban-offensive	1
tweet-sno-827	Q0	vclaim-sno-snl-writer-suspended-tweet-barron	1
tweet-sno-831	Q0	vclaim-sno-mlk-bust-oval-office	1
tweet-sno-832	Q0	vclaim-sno-mlk-bust-oval-office	1
tweet-sno-833	Q0	vclaim-sno-mlk-bust-oval-office	1
tweet-sno-835	Q0	vclaim-sno-donald-trump-purge-slogan	1
tweet-sno-836	Q0	vclaim-sno-twitter-images-inauguration	1
tweet-sno-837	Q0	vclaim-sno-trump-staged-speechwriting-picture	1
tweet-sno-838	Q0	vclaim-sno-lewis-skip-inauguration	1
tweet-sno-839	Q0	vclaim-sno-trump-busted-using-empty-folders	1
tweet-sno-840	Q0	vclaim-sno-hackers-peace-sign-fingerprints	1
tweet-sno-841	Q0	vclaim-sno-groomsmen-supporting-a-paralyzed-man-at-his-wedding	1
tweet-sno-842	Q0	vclaim-sno-meryl-streep-mock-disabled	1
tweet-sno-848	Q0	vclaim-sno-origins-princess-leias-hairstyle	1
tweet-sno-849	Q0	vclaim-sno-meryl-streep-morgan-freeman-futures-parents	1
tweet-sno-850	Q0	vclaim-sno-more-votes-than-voters-in-detroit	1
tweet-sno-851	Q0	vclaim-sno-siri-charge-phone-police	1
tweet-sno-852	Q0	vclaim-sno-carl-paladino-obama-comments	1
tweet-sno-853	Q0	vclaim-sno-drunk-man-has-sex-with-snowman	1
tweet-sno-854	Q0	vclaim-sno-kuwait-moves-event-four-seasons-trump-hotel	1
tweet-sno-856	Q0	vclaim-sno-did-delta-eject-passenger-adam-saleh-for-speaking-arabic	1
tweet-sno-857	Q0	vclaim-sno-russian-flag-texas-capitol	1
tweet-sno-858	Q0	vclaim-sno-trump-sends-unpresidented-tweet	1
tweet-sno-862	Q0	vclaim-sno-raising-cane	1
tweet-sno-864	Q0	vclaim-sno-did-macys-pull-support-from-planned-parenthood	1
tweet-sno-866	Q0	vclaim-sno-liberals-demand-offensive-wwi-memorial-torn	1
tweet-sno-867	Q0	vclaim-sno-donald-trump-remain-apprentice-inauguration	1
tweet-sno-872	Q0	vclaim-sno-morton-county-sheriff-kyle-kirchmeiers-twitter-account	1
tweet-sno-873	Q0	vclaim-sno-morton-county-sheriff-kyle-kirchmeiers-twitter-account	1
tweet-sno-875	Q0	vclaim-sno-united-airlines-begin-charging-use-overhead-storage	1
tweet-sno-876	Q0	vclaim-sno-united-airlines-begin-charging-use-overhead-storage	1
tweet-sno-877	Q0	vclaim-sno-donald-trump-carrier-stock	1
tweet-sno-878	Q0	vclaim-sno-carrier-jobs-to-mexico-despite-trump-deal	1
tweet-sno-878	Q0	vclaim-sno-donald-trump-brokers-deal-with-carrier-to-keep-jobs-in-america	1
tweet-sno-879	Q0	vclaim-sno-carrier-jobs-to-mexico-despite-trump-deal	1
tweet-sno-880	Q0	vclaim-sno-trump-staffer-convicted-of-felony-election-fraud	1
tweet-sno-882	Q0	vclaim-sno-hillary-clinton-sponsored-a-bill-to-punish-flag-burning	1
tweet-sno-883	Q0	vclaim-sno-fines-for-bringing-supplies-to-standing-rock-dapl-protests	1
tweet-sno-884	Q0	vclaim-sno-dapl-routed-through-standing-rock-after-bismarck-residents-said-no	1
tweet-sno-888	Q0	vclaim-sno-jill-stein-caught-embezzling-recount-funds-for-marijuana-dinner-party	1
tweet-sno-889	Q0	vclaim-sno-trump-tower-name-changed-to-dump-tower-in-google-maps	1
tweet-sno-891	Q0	vclaim-sno-celebrity-cruise-lines-attacks-trump-and-his-supporters-in-new-ad	1
tweet-sno-892	Q0	vclaim-sno-most-trump-protesters-didnt-vote	1
tweet-sno-893	Q0	vclaim-sno-most-trump-protesters-didnt-vote	1
tweet-sno-894	Q0	vclaim-sno-most-trump-protesters-didnt-vote	1
tweet-sno-895	Q0	vclaim-sno-most-trump-protesters-didnt-vote	1
tweet-sno-898	Q0	vclaim-sno-three-million-votes-in-presidential-election-cast-by-illegal-aliens	1
tweet-sno-899	Q0	vclaim-sno-three-million-votes-in-presidential-election-cast-by-illegal-aliens	1
tweet-sno-901	Q0	vclaim-sno-pepsi-ceo-tells-trump-supporters-to-take-their-business-elsewhere	1
tweet-sno-902	Q0	vclaim-sno-pepsi-ceo-tells-trump-supporters-to-take-their-business-elsewhere	1
tweet-sno-903	Q0	vclaim-sno-offended-muslims-attack-christmas-tree	1
tweet-sno-904	Q0	vclaim-sno-300000-wisconsin-voters-turned-away-due-to-voter-id-laws	1
tweet-sno-906	Q0	vclaim-sno-yale-cancels-midterms-after-students-were-upset-by-trumps-win	1
tweet-sno-907	Q0	vclaim-sno-yale-cancels-midterms-after-students-were-upset-by-trumps-win	1
tweet-sno-909	Q0	vclaim-sno-canadas-immigration-web-site-crashed-after-2016-election	1
tweet-sno-910	Q0	vclaim-sno-transgender-suicides-after-2016-election	1
tweet-sno-911	Q0	vclaim-sno-obamaphones-to-be-cut-off	1
tweet-sno-912	Q0	vclaim-sno-obamaphones-to-be-cut-off	1
tweet-sno-914	Q0	vclaim-sno-trump-server-tied-to-russian-bank	1
tweet-sno-919	Q0	vclaim-sno-ecstasy-halloween-candy	1
tweet-sno-920	Q0	vclaim-sno-kaine-yelling-at-his-mistress	1
tweet-sno-923	Q0	vclaim-sno-obama-golf-outing-with-tiger-woods	1
tweet-sno-924	Q0	vclaim-sno-eric-braverman-seeks-asylum-in-russia	1
tweet-sno-928	Q0	vclaim-sno-texas-vote-switching	1
tweet-sno-929	Q0	vclaim-sno-bill-oreilly-trump-poll	1
tweet-sno-930	Q0	vclaim-sno-wikileaks-clintons-purchase-200-million-maldives-estate	1
tweet-sno-945	Q0	vclaim-sno-billy-ocean-death-hoax	1
tweet-sno-946	Q0	vclaim-sno-postal-worker-caught-destroying-absentee-trump-ballots-in-major-swing-state	1
tweet-sno-947	Q0	vclaim-sno-can-you-vote-online-with-a-hashtag	1
tweet-sno-948	Q0	vclaim-sno-can-you-vote-online-with-a-hashtag	1
tweet-sno-949	Q0	vclaim-sno-defcon-warning-level-escalated-to-3	1
tweet-sno-952	Q0	vclaim-sno-wikileaks-cofirms-hillary-clinton-sold-weapons-to-isis	1
tweet-sno-953	Q0	vclaim-sno-jill-stein-endorsed-donald-trump	1
tweet-sno-954	Q0	vclaim-sno-huge-crowd-at-trump-rally-in-panama-city-florida	1
tweet-sno-955	Q0	vclaim-sno-newsweek-proves-that-wikileaks-is-leaking-phony-hillary-clinton-emails	1
tweet-sno-958	Q0	vclaim-sno-hillary-calls-voters-bucket-of-losers	1
tweet-sno-959	Q0	vclaim-sno-clown-masks-banned	1
tweet-sno-960	Q0	vclaim-sno-african-union-issues-travel-advisory-for-u-s	1
tweet-sno-969	Q0	vclaim-sno-muslim-soda-food-stamps	1
tweet-sno-972	Q0	vclaim-sno-chelsea-clinton-marijuana	1
tweet-sno-973	Q0	vclaim-sno-michael-savage-removed	1
tweet-sno-974	Q0	vclaim-sno-michael-savage-removed	1
tweet-sno-976	Q0	vclaim-sno-charlotte-protesters-out-of-state-criminals	1
tweet-sno-978	Q0	vclaim-sno-black-lives-matter-protesters-beat-homeless-vet	1
tweet-sno-979	Q0	vclaim-sno-massachusetts-run-from-police	1
tweet-sno-981	Q0	vclaim-sno-brock-turner-beaten-by-flash-mob	1
tweet-sno-982	Q0	vclaim-sno-palestinian-terrorists-wife-to-address-clinton-foundation	1
tweet-sno-986	Q0	vclaim-sno-pa-and-oh-voters-white-trash	1
tweet-sno-989	Q0	vclaim-sno-judge-bans-vegetable-gardens	1
tweet-sno-991	Q0	vclaim-sno-democratic-party-holding-emergency-meeting-to-discuss-replacing-hillary-clinton	1
tweet-sno-996	Q0	vclaim-sno-julian-assange-bernie-sanders-was-threatened	1
tweet-sno-1001	Q0	vclaim-sno-michael-savage-removed	1
tweet-sno-1002	Q0	vclaim-sno-alabama-food-stamps-car	1
tweet-sno-1003	Q0	vclaim-sno-alabama-food-stamps-car	1
tweet-sno-1005	Q0	vclaim-sno-mcdonalds-getting-rid-dollar-menu	1
tweet-sno-1006	Q0	vclaim-sno-sex-roulette	1
tweet-sno-1012	Q0	vclaim-sno-down-to-lunch-trafficking	1
tweet-sno-1013	Q0	vclaim-sno-france-law-children-consent-sex	1
tweet-sno-1015	Q0	vclaim-sno-cdc-admits-98-million-got-cancer-polio-vaccine	1
tweet-sno-1018	Q0	vclaim-sno-floating-islands-of-fire-ants	1
tweet-sno-1022	Q0	vclaim-sno-obama-forces-americans-to-celebrate-gay-sex	1
tweet-sno-1023	Q0	vclaim-sno-emory-students-trump-graffiti	1
tweet-sno-1024	Q0	vclaim-sno-female-killer-las-vegas-shouted-allahu-akbar	1
tweet-sno-1030	Q0	vclaim-sno-poison-perfume-samples	1
tweet-sno-1031	Q0	vclaim-sno-nra-leader-wayne-lapierre-receive-draft-deferment-nervous-disorder	1
tweet-sno-1033	Q0	vclaim-sno-nra-leader-wayne-lapierre-receive-draft-deferment-nervous-disorder	1
tweet-sno-1039	Q0	vclaim-sno-alan-rickman-potter-meme	1
tweet-sno-1040	Q0	vclaim-sno-two-clinton-employees-arrested-destroying-evidence-uranium-probe-begins	1
tweet-sno-1041	Q0	vclaim-sno-race-kors	1
tweet-sno-1042	Q0	vclaim-sno-sharia-law-muslim-no-go-zones	1
tweet-sno-1044	Q0	vclaim-sno-hiding-in-a-hotel-as-unlisted	1
tweet-sno-1051	Q0	vclaim-sno-return-to-sender	1
tweet-sno-1052	Q0	vclaim-sno-oreo-moving-mexico	1
tweet-sno-1054	Q0	vclaim-sno-caitlin-teagart	1
tweet-sno-1055	Q0	vclaim-sno-oreo-moving-mexico	1
tweet-sno-1056	Q0	vclaim-sno-oreo-moving-mexico	1
tweet-sno-1059	Q0	vclaim-sno-hillary-clinton-sat-monsanto-board	1
tweet-sno-1060	Q0	vclaim-sno-hillary-clinton-sat-monsanto-board	1
tweet-sno-1061	Q0	vclaim-sno-anonymous-opkkk	1
tweet-sno-1062	Q0	vclaim-sno-orcas-plastic-bags	1
tweet-sno-1063	Q0	vclaim-sno-orcas-plastic-bags	1
tweet-sno-1064	Q0	vclaim-sno-newt-gingrich-tweeted-san-bernardino-attack-november	1
tweet-sno-1067	Q0	vclaim-sno-islam-banned-u-s-1952	1
tweet-sno-1068	Q0	vclaim-sno-angry-atheists-ban-bible	1
tweet-sno-1070	Q0	vclaim-sno-bernie-sanders-flies-coach	1
tweet-sno-1071	Q0	vclaim-sno-lebanon-mo-walmart-cell-phone-rumor	1
tweet-sno-1073	Q0	vclaim-sno-teen-hector-cruz-contracts-herpes-condom-challenge	1
tweet-sno-1074	Q0	vclaim-sno-teen-hector-cruz-contracts-herpes-condom-challenge	1
tweet-sno-1075	Q0	vclaim-sno-isis-killing-babies-syndrome	1
tweet-sno-1076	Q0	vclaim-sno-muslims-declare-december-24th-islamic-holiday	1
tweet-sno-1077	Q0	vclaim-sno-muslims-declare-december-24th-islamic-holiday	1
tweet-sno-1078	Q0	vclaim-sno-burger-king-sharia-law	1
tweet-sno-1079	Q0	vclaim-sno-girl-scout-cookies-planned-parenthood	1
tweet-sno-1084	Q0	vclaim-sno-scarface-remake-leonardo-dicaprio	1
tweet-sno-1087	Q0	vclaim-sno-george-zimmerman-found-dead	1
tweet-sno-1092	Q0	vclaim-sno-germany-distributes-leaflets-discouraging-rape-cologne-incident	1
tweet-sno-1093	Q0	vclaim-sno-did-russia-monument-native-americans-moscow	1
tweet-sno-1097	Q0	vclaim-sno-blacks-dorm-uconn	1
tweet-sno-1098	Q0	vclaim-sno-iowa-caucus-coin-toss	1
tweet-sno-1100	Q0	vclaim-sno-gop-delayed-iran-prisoner-release-election	1
tweet-sno-1102	Q0	vclaim-sno-4-year-old-boy-accused-of-hacking-fbi-database	1
tweet-sno-1103	Q0	vclaim-sno-food-stamp-hunger-tests	1
tweet-sno-1105	Q0	vclaim-sno-big-ang-of-mob-wives-died	1
tweet-sno-1106	Q0	vclaim-sno-big-ang-of-mob-wives-died	1
tweet-sno-1112	Q0	vclaim-sno-sanders-english-only-huerta	1
tweet-sno-1113	Q0	vclaim-sno-sanders-english-only-huerta	1
tweet-sno-1116	Q0	vclaim-sno-moving-to-canada-search	1
tweet-sno-1117	Q0	vclaim-sno-fda-outlaws-cbd-oils	1
tweet-sno-1119	Q0	vclaim-sno-bernie-sanders-flies-coach	1
tweet-sno-1120	Q0	vclaim-sno-temple-of-baal-in-new-york-city	1
tweet-sno-1124	Q0	vclaim-sno-facebook-bernie-blackout	1
tweet-sno-1129	Q0	vclaim-sno-bill-clinton-said-hillary-suffered-more-than-those-guys-in-benghazi	1
tweet-sno-1130	Q0	vclaim-sno-prescott-college-mandatory-immigrant-fee	1
tweet-sno-1132	Q0	vclaim-sno-risque-prom-dress	1
tweet-sno-1133	Q0	vclaim-sno-sanders-private-jet-menu	1
tweet-sno-1134	Q0	vclaim-sno-sanders-private-jet-menu	1
tweet-sno-1136	Q0	vclaim-sno-lesbian-ejected-nc-bathroom	1
tweet-sno-1137	Q0	vclaim-sno-kings-island-dangerous-rides	1
tweet-sno-1138	Q0	vclaim-sno-caitlyn-jenner-sports-illustrated	1
tweet-sno-1140	Q0	vclaim-sno-is-facebook-censoring-conservative-news	1
tweet-sno-1141	Q0	vclaim-sno-jared-fogle-released-due-to-overcrowding	1
tweet-sno-1146	Q0	vclaim-sno-barbara-boxer-gave-bernie-sanders-supporters-the-finger	1
tweet-sno-1147	Q0	vclaim-sno-president-obama-bans-the-words-negro-and-oriental	1
tweet-sno-1148	Q0	vclaim-sno-white-teen-girl-identifies-as-indian-chief-demands-tribal-benefits	1
tweet-sno-1151	Q0	vclaim-sno-washington-state-to-teach-transgenderism-to-kindergartners	1
tweet-sno-1152	Q0	vclaim-sno-trump-retweets-photo-of-black-supporters	1
tweet-sno-1153	Q0	vclaim-sno-fema-drill-disrupting-california-primary	1
tweet-sno-1154	Q0	vclaim-sno-victoria-woodhull-hillary-clinton	1
tweet-sno-1155	Q0	vclaim-sno-multiple-shooters-orlando-cody-agnew	1
tweet-sno-1157	Q0	vclaim-sno-rubio-god-needs-me	1
tweet-sno-1158	Q0	vclaim-sno-republican-convention-gun-free-zone	1
tweet-sno-1159	Q0	vclaim-sno-un-official-john-ashe-killed-the-day-before-he-was-to-testify-against-hillary-clinton	1
tweet-sno-1162	Q0	vclaim-sno-swedish-police-bracelets	1
tweet-sno-1163	Q0	vclaim-sno-dwayne-johnson-arresting-for-importing-hgh	1
tweet-sno-1164	Q0	vclaim-sno-21-dead-in-ontario	1
tweet-sno-1167	Q0	vclaim-sno-21-dead-in-ontario	1
tweet-sno-1167	Q0	vclaim-sno-21-dead-in-ontario	1
tweet-sno-1170	Q0	vclaim-sno-wisconsin-transgender-students-force-to-wear-green-bracelets	1
tweet-sno-1174	Q0	vclaim-sno-is-green-party-candidate-jill-stein-anti-vaccine	1
tweet-sno-1175	Q0	vclaim-sno-bernie-sanders-leaves-the-democratic-party	1
tweet-sno-1176	Q0	vclaim-sno-sarah-silverman-killing-jesus	1
tweet-sno-1177	Q0	vclaim-sno-trump-leaks-classified-info	1
tweet-sno-1178	Q0	vclaim-sno-motorcycle-governors-january-2017	1
tweet-sno-1179	Q0	vclaim-sno-loretta-lynch-confederate-flag-tattoos-must-all-be-removed-immediately	1
tweet-sno-1180	Q0	vclaim-sno-impossible-to-cancel-recurring-trump-donations	1
tweet-sno-1185	Q0	vclaim-sno-karolyi-illegal-immigrants	1
tweet-sno-1187	Q0	vclaim-sno-obama-even-terrorists-have-rights	1
tweet-sno-1189	Q0	vclaim-sno-texas-maternal-mortality-rate-doubles-after-reproductive-health-restrictions	1
tweet-sno-1190	Q0	vclaim-sno-dolly-parton-trashes-hillary-clinton	1
tweet-sno-1191	Q0	vclaim-sno-bill-maher-and-michael-moore-snatched-donald-trumps-tax-returns	1
tweet-sno-1194	Q0	vclaim-sno-rivers-of-blood-in-dhaka-bangladesh	1
tweet-sno-1195	Q0	vclaim-sno-clinton-reported-dead-replaced	1
tweet-sno-1196	Q0	vclaim-sno-is-green-party-candidate-jill-stein-anti-vaccine	1
tweet-sno-1200	Q0	vclaim-sno-lady-gaga-oreo	1
tweet-sno-1201	Q0	vclaim-sno-biden-executive-order-dictator	1
tweet-sno-1202	Q0	vclaim-sno-biden-executive-order-dictator	1
tweet-sno-1203	Q0	vclaim-sno-farmers-protest-india-flag	1
tweet-sno-1204	Q0	vclaim-sno-biden-bans-china-virus	1
tweet-sno-1207	Q0	vclaim-sno-cocaine-smuggled-in-bananas	1
tweet-sno-1208	Q0	vclaim-sno-national-guard-parking-garage	1
tweet-sno-1215	Q0	vclaim-sno-bernice-king-mlk-day-instagram	1
tweet-sno-1216	Q0	vclaim-sno-mypillow-discount-codes-qanon	1
tweet-sno-1217	Q0	vclaim-sno-tesla-hiring-complaints-elon-musk	1
tweet-sno-1219	Q0	vclaim-sno-twitter-marjorie-taylor-greene	1
tweet-sno-1220	Q0	vclaim-sno-burger-king-logo-new	1
tweet-sno-1221	Q0	vclaim-sno-covid-vaccine-throw-away	1
tweet-sno-1222	Q0	vclaim-sno-trump-jr-impeached-deplorable	1
tweet-sno-1224	Q0	vclaim-sno-indian-flag-capitol-riots	1
tweet-sno-1225	Q0	vclaim-sno-syringe-cakes	1
tweet-sno-1227	Q0	vclaim-sno-mary-miller-hitler	1
tweet-sno-1228	Q0	vclaim-sno-mary-miller-hitler	1
tweet-sno-1229	Q0	vclaim-sno-capitol-riot-no-fly-list	1
tweet-sno-1231	Q0	vclaim-sno-new-york-covid-vaccine-preregister	1
tweet-sno-1239	Q0	vclaim-sno-giuliani-rally-speech	1
tweet-sno-1240	Q0	vclaim-sno-national-guard-trump-mob	1
tweet-sno-1246	Q0	vclaim-sno-cross-erected-capitol-building	1
tweet-sno-1247	Q0	vclaim-sno-covid-5g-chip-diagram	1
tweet-sno-1252	Q0	vclaim-sno-covid-result-holiday-gatherings	1
tweet-sno-1253	Q0	vclaim-sno-scott-walker-pizza	1
tweet-sno-1257	Q0	vclaim-sno-graham-buttigieg-repent	1
tweet-sno-1259	Q0	vclaim-sno-vatican-nativity	1
tweet-sno-1260	Q0	vclaim-sno-cyberpunk-2077-refunds	1
tweet-sno-1261	Q0	vclaim-sno-cyberpunk-2077-refunds	1
tweet-sno-1262	Q0	vclaim-sno-extraterrestrial-material-asteroid	1
tweet-sno-1263	Q0	vclaim-sno-supreme-court-erupt-shouting-match	1
tweet-sno-1268	Q0	vclaim-sno-alex-jones-biden-removed	1
tweet-sno-1271	Q0	vclaim-sno-federal-holiday-christmas-eve	1
tweet-sno-1274	Q0	vclaim-sno-chick-fil-a-long-lines-lawsuit	1
tweet-sno-1275	Q0	vclaim-sno-costco-rotisserie-chicken-cheap	1
tweet-sno-1277	Q0	vclaim-sno-apartment-radiator-pandemic-spread	1
tweet-sno-1278	Q0	vclaim-sno-mcdonalds-breakfast-frozen-eggs	1
tweet-sno-1279	Q0	vclaim-sno-gohmert-tooth-fall-out	1
tweet-sno-1280	Q0	vclaim-sno-biden-harris-disease-disagreed	1
tweet-sno-1285	Q0	vclaim-sno-florida-rebekah-jones-raid	1
tweet-sno-1291	Q0	vclaim-sno-biden-covid-vaccine	1
tweet-sno-1292	Q0	vclaim-sno-matt-putz	1
tweet-sno-1294	Q0	vclaim-sno-drake-scented-candles	1
tweet-sno-1298	Q0	vclaim-sno-santa-covid-exemption-ireland	1
tweet-sno-1300	Q0	vclaim-sno-king-louis-xiv-fetish-birth	1
tweet-sno-1302	Q0	vclaim-sno-johns-hopkins-covid-deaths	1
tweet-sno-1306	Q0	vclaim-sno-georgia-signature-audit	1
tweet-sno-1307	Q0	vclaim-sno-trump-detroit-voters-2020	1
tweet-sno-1308	Q0	vclaim-sno-trump-pardon-turkey-election	1
tweet-sno-1309	Q0	vclaim-sno-alaska-town-60-days-without-sun	1
tweet-sno-1312	Q0	vclaim-sno-christmas-tree-owl	1
tweet-sno-1316	Q0	vclaim-sno-cuomo-vaccine-bad-news-trump	1
tweet-sno-1317	Q0	vclaim-sno-cornyn-votes-puerto-rico	1
tweet-sno-1320	Q0	vclaim-sno-maga-trump-million-march	1
tweet-sno-1324	Q0	vclaim-sno-rnc-chairwoman-deleted-tweet	1
tweet-sno-1327	Q0	vclaim-sno-drake-is-not-dead	1
tweet-sno-1328	Q0	vclaim-sno-xbox-playstation-ps5-congrats	1
tweet-sno-1329	Q0	vclaim-sno-xbox-playstation-ps5-congrats	1
tweet-sno-1333	Q0	vclaim-sno-covid-vaccine-funded-by-trump	1
tweet-sno-1334	Q0	vclaim-sno-covid-vaccine-funded-by-trump	1
tweet-sno-1335	Q0	vclaim-sno-biden-hat-trump-maga	1
tweet-sno-1336	Q0	vclaim-sno-biden-major-dog-rescue-white-house	1
tweet-sno-1338	Q0	vclaim-sno-bannon-fauci-wray-head-pikes	1
tweet-sno-1340	Q0	vclaim-sno-pa-worker-filling-ballots	1
tweet-sno-1346	Q0	vclaim-sno-humpback-whale-eat-kayaker	1
tweet-sno-1347	Q0	vclaim-sno-humpback-whale-eat-kayaker	1
tweet-sno-1350	Q0	vclaim-sno-amish-buggies-trump	1
tweet-sno-1362	Q0	vclaim-sno-sean-connery-trump-golf-course	1
tweet-sno-1378	Q0	vclaim-sno-trump-biden-assassination-shot	1
tweet-sno-1379	Q0	vclaim-sno-biden-admit-voter-fraud	1
tweet-sno-1380	Q0	vclaim-sno-biden-tweet-pandemic	1
tweet-sno-1381	Q0	vclaim-sno-merriam-webster-barrett-sexual	1
tweet-sno-1382	Q0	vclaim-sno-biden-n-word-senate	1
tweet-sno-1384	Q0	vclaim-sno-nurse-gop-convention-shooting	1
tweet-sno-1386	Q0	vclaim-sno-biden-ban-fracking	1
tweet-sno-1387	Q0	vclaim-sno-kennedy-nixon-virtual-debate-1960	1
tweet-sno-1391	Q0	vclaim-sno-biden-trump-dregs-society	1
tweet-sno-1392	Q0	vclaim-sno-biden-pandemic-black-women-grocery	1
tweet-sno-1393	Q0	vclaim-sno-clinton-mccabe-donation	1
tweet-sno-1396	Q0	vclaim-sno-bikers-trump-praying-walter-reed	1
tweet-sno-1397	Q0	vclaim-sno-trump-covid-fundraising	1
tweet-sno-1198-t22	Q0	vclaim-sno-crowded-train-station-ukraine	1
tweet-sno-1202-t22	Q0	vclaim-sno-un-ban-word-war-russia-ukraine	1
tweet-sno-1203-t22	Q0	vclaim-sno-fox-news-russia-canceled	1
tweet-sno-1207-t22	Q0	vclaim-sno-cdc-speech-children-masking	1
tweet-sno-1208-t22	Q0	vclaim-sno-putin-hitler-time-magazine	1
tweet-sno-1212-t22	Q0	vclaim-sno-anti-war-protester-moscow-sign	1
tweet-sno-1215-t22	Q0	vclaim-sno-is-this-ghost-of-kyiv-video-real	1
tweet-sno-1218-t22	Q0	vclaim-sno-russian-paratroopers-ukraine	1
tweet-sno-1219-t22	Q0	vclaim-sno-trump-us-troops-landed-ukraine	1
tweet-sno-1224-t22	Q0	vclaim-sno-trump-signed-nafta-wrong	1
tweet-sno-1227-t22	Q0	vclaim-sno-gazpacho-police	1
tweet-sno-1228-t22	Q0	vclaim-sno-gun-manufacturer-industry	1
tweet-sno-1234-t22	Q0	vclaim-sno-freedom-convoy-canada	1
tweet-sno-1235-t22	Q0	vclaim-sno-walmart-canada-covid-vaccination-proof	1
tweet-sno-1236-t22	Q0	vclaim-sno-biden-doocy-stupid-bitch	1
tweet-sno-1237-t22	Q0	vclaim-sno-booster-after-infected-omicron	1
tweet-sno-1239-t22	Q0	vclaim-sno-does-the-rock-own-a-t-rex-skull	1
tweet-sno-1240-t22	Q0	vclaim-sno-does-the-rock-own-a-t-rex-skull	1
tweet-sno-1241-t22	Q0	vclaim-sno-hidden-tax-credit-journalists	1
tweet-sno-1246-t22	Q0	vclaim-sno-robot-bodyguard-king-of-bahrain	1
tweet-sno-1247-t22	Q0	vclaim-sno-gorsuch-flu-kills-fake-quote	1
tweet-sno-1253-t22	Q0	vclaim-sno-david-bowie-newsnight-1999	1
tweet-sno-1256-t22	Q0	vclaim-sno-joe-biden-pinch-girls-nipple	1
tweet-sno-1260-t22	Q0	vclaim-sno-more-cars-stolen-on-new-years	1
tweet-sno-1261-t22	Q0	vclaim-sno-did-trump-praise-covid-19-vaccines	1
tweet-sno-1262-t22	Q0	vclaim-sno-who-kill-children-covid-19-vaccines	1
tweet-sno-1263-t22	Q0	vclaim-sno-jesse-watters-faucis-assassination	1
tweet-sno-1264-t22	Q0	vclaim-sno-jesse-watters-faucis-assassination	1
tweet-sno-1265-t22	Q0	vclaim-sno-home-alone-mccallister-house	1
tweet-sno-1270-t22	Q0	vclaim-sno-biden-bob-dole-end-of-message	1
tweet-sno-1271-t22	Q0	vclaim-sno-gwen-shamblin-death	1
tweet-sno-1273-t22	Q0	vclaim-sno-ceo-biontech-refuse-vaccine	1
tweet-sno-1275-t22	Q0	vclaim-sno-jeffrey-epstein-ghislaine-maxwell-pope	1
tweet-sno-1280-t22	Q0	vclaim-sno-buttigieg-electric-cars-gas-prices	1
tweet-sno-1283-t22	Q0	vclaim-sno-recall-frozen-cauliflower-listeria	1
tweet-sno-1284-t22	Q0	vclaim-sno-biden-ron-burgundy	1
tweet-sno-1285-t22	Q0	vclaim-sno-recall-hand-sanitizer	1
tweet-sno-1286-t22	Q0	vclaim-sno-webs-spun-by-lsd-tripping-spiders	1
tweet-sno-1287-t22	Q0	vclaim-sno-krispy-kreme-lube	1
tweet-sno-1289-t22	Q0	vclaim-sno-steve-martin-puppy	1
tweet-sno-1295-t22	Q0	vclaim-sno-satellite-image-diwali	1
tweet-sno-1296-t22	Q0	vclaim-sno-japan-ivermectin-covid-vaccine	1
tweet-sno-1297-t22	Q0	vclaim-sno-fauci-vaccine-experiment-beagles	1
tweet-sno-1298-t22	Q0	vclaim-sno-fauci-vaccine-experiment-beagles	1
tweet-sno-1301-t22	Q0	vclaim-sno-kanye-west-shayk-kardashian	1
tweet-sno-1304-t22	Q0	vclaim-sno-anne-frank-flowers-quote	1
tweet-sno-1306-t22	Q0	vclaim-sno-kevin-james-sexy	1
tweet-sno-1307-t22	Q0	vclaim-sno-toronto-bar-cheer-kevin-durant-injury	1
tweet-sno-1311-t22	Q0	vclaim-sno-ny-hospitals-unvaccinated-parents	1
tweet-sno-1315-t22	Q0	vclaim-sno-norway-reclassify-covid-as-flu	1
tweet-sno-1318-t22	Q0	vclaim-sno-nanobot-inseminate-egg-sperm	1
tweet-sno-1319-t22	Q0	vclaim-sno-university-ban-capital-letters	1
tweet-sno-1320-t22	Q0	vclaim-sno-golf-course-burial	1
tweet-sno-1321-t22	Q0	vclaim-sno-biden-vaccines-hurricane-protect	1
tweet-sno-1324-t22	Q0	vclaim-sno-emma-raducanu-us-open-airpods	1
tweet-sno-1325-t22	Q0	vclaim-sno-emma-raducanu-us-open-airpods	1
tweet-sno-1326-t22	Q0	vclaim-sno-tyra-banks-ice-cream	1
tweet-sno-1329-t22	Q0	vclaim-sno-did-ivermectin-win-a-nobel-prize	1
tweet-sno-1334-t22	Q0	vclaim-sno-trump-wall-damaged-arizona	1
tweet-sno-1335-t22	Q0	vclaim-sno-taliban-hanging-black-hawk	1
tweet-sno-1336-t22	Q0	vclaim-sno-us-taliban-arsenal-military-equipment	1
tweet-sno-1337-t22	Q0	vclaim-sno-jim-cantore-cartwheel-video	1
tweet-sno-1341-t22	Q0	vclaim-sno-paws-act-veterans-ptsd-service-dogs	1
tweet-sno-1342-t22	Q0	vclaim-sno-kanye-west-name-change	1
tweet-sno-1343-t22	Q0	vclaim-sno-only-fans-reverses-ban-sexually-explicit	1
tweet-sno-1345-t22	Q0	vclaim-sno-boebert-taliban-building-back-better	1
tweet-sno-1348-t22	Q0	vclaim-sno-biden-350-million-americans-vaccinated	1
tweet-sno-1349-t22	Q0	vclaim-sno-alfredo-rivera-video	1
tweet-sno-1351-t22	Q0	vclaim-sno-djokovic-simone-biles-pressure-privilege	1
tweet-sno-1352-t22	Q0	vclaim-sno-jim-carrey-quote	1
tweet-sno-1353-t22	Q0	vclaim-sno-did-this-mig-land-on-a-dam	1
tweet-sno-1354-t22	Q0	vclaim-sno-peppa-pig-theme-park	1
tweet-sno-1355-t22	Q0	vclaim-sno-florida-invasive-species	1
tweet-sno-1356-t22	Q0	vclaim-sno-space-station-orbit	1
tweet-sno-1357-t22	Q0	vclaim-sno-real-life-spongebob-and-patrick	1
tweet-sno-1358-t22	Q0	vclaim-sno-biden-18-wheeler-truck	1
tweet-sno-1359-t22	Q0	vclaim-sno-bannon-hell-capitol-attack	1
tweet-sno-1360-t22	Q0	vclaim-sno-kerri-strug-usa-gold	1
tweet-sno-1361-t22	Q0	vclaim-sno-kanye-west-living-in-stadium-donda	1
tweet-sno-1362-t22	Q0	vclaim-sno-pelosi-national-guard-capitol	1
tweet-sno-1363-t22	Q0	vclaim-sno-did-biden-say-my-butts-been-wiped	1
tweet-sno-1365-t22	Q0	vclaim-sno-viral-video-massive-draft-horse	1
tweet-sno-1366-t22	Q0	vclaim-sno-cleveland-indians-now-guardians	1
tweet-sno-1367-t22	Q0	vclaim-sno-macron-quote-unvaccinated	1
tweet-sno-1368-t22	Q0	vclaim-sno-twitter-dislike-button	1
tweet-sno-1369-t22	Q0	vclaim-sno-the-parent-trap-october-11	1
tweet-sno-1370-t22	Q0	vclaim-sno-prop-47-theft-california	1
tweet-sno-1371-t22	Q0	vclaim-sno-anti-sex-beds-2020-olympics	1
tweet-sno-1372-t22	Q0	vclaim-sno-tom-brady-election-white-house	1
tweet-sno-1373-t22	Q0	vclaim-sno-80-million-year-old-shark	1
tweet-sno-1374-t22	Q0	vclaim-sno-illegal-barbershops-sunday-ny	1
tweet-sno-1379-t22	Q0	vclaim-sno-odni-photoshop-diversity-report	1
tweet-sno-1381-t22	Q0	vclaim-sno-madonna-britney-spears-slavery	1
tweet-sno-1382-t22	Q0	vclaim-sno-four-seasons-concert	1
tweet-sno-1383-t22	Q0	vclaim-sno-chernobyl-grown-carrots	1
tweet-sno-1384-t22	Q0	vclaim-sno-biden-hit-congressional-baseball	1
tweet-sno-1385-t22	Q0	vclaim-sno-paul-rudd-seth-rogen-massage	1
tweet-sno-1386-t22	Q0	vclaim-sno-billy-dee-williams-mark-hamill	1
tweet-sno-1387-t22	Q0	vclaim-sno-us-womens-soccer-national-anthem	1
tweet-sno-1391-t22	Q0	vclaim-sno-true-colors-terracotta-soldiers	1
tweet-sno-1392-t22	Q0	vclaim-sno-bruce-lee-american-citizen	1
tweet-sno-1393-t22	Q0	vclaim-sno-rashad-cosby-release-tweet	1
tweet-sno-1394-t22	Q0	vclaim-sno-removing-latest-tweets	1
tweet-sno-1395-t22	Q0	vclaim-sno-new-species-green-capybara	1
tweet-sno-1396-t22	Q0	vclaim-sno-mens-soccer-player-sports-bra	1
tweet-sno-1399-t22	Q0	vclaim-sno-tucker-carlson-calls-milley-a-pig	1
tweet-sno-1400-t22	Q0	vclaim-sno-tucker-carlson-calls-milley-a-pig	1
tweet-sno-1402-t22	Q0	vclaim-sno-amazon-prime-adults	1
tweet-sno-1404-t22	Q0	vclaim-sno-mike-pence-called-traitor	1
tweet-sno-1406-t22	Q0	vclaim-sno-park-seo-joon-marvel-sequel	1
